,Brand_id,image_link
0,1,//media.gucci.com/style/DarkGray_Center_0_0_980x980/1713981741/800292_ZARRW_5467_001_100_0000_Light-Camicia-in-seta-con-stampa-GG-con-effetto-ottico.jpg
1,1,//media.gucci.com/style/DarkGray_Center_0_0_980x980/1713981743/800292_ZARRW_5467_004_100_0000_Light-Camicia-in-seta-con-stampa-GG-con-effetto-ottico.jpg
2,1,//media.gucci.com/style/DarkGray_Center_0_0_980x980/1713981744/800292_ZARRW_5467_005_100_0000_Light-Camicia-in-seta-con-stampa-GG-con-effetto-ottico.jpg
3,1,//media.gucci.com/style/White_Center_0_0_730x490/1713981741/800292_ZARRW_5467_001_100_0000_Light-Camicia-in-seta-con-stampa-GG-con-effetto-ottico.jpg
4,2,//media.gucci.com/style/DarkGray_Center_0_0_980x980/1716360456/797922_ZARGY_4903_001_100_0000_Light-Camicia-in-cotone-Oxford-GG-con-effetto-ottico.jpg
5,2,//media.gucci.com/style/DarkGray_Center_0_0_980x980/1716360458/797922_ZARGY_4903_004_100_0000_Light-Camicia-in-cotone-Oxford-GG-con-effetto-ottico.jpg
6,2,//media.gucci.com/style/DarkGray_Center_0_0_980x980/1716360459/797922_ZARGY_4903_005_100_0000_Light-Camicia-in-cotone-Oxford-GG-con-effetto-ottico.jpg
7,2,//media.gucci.com/style/White_Center_0_0_730x490/1716360456/797922_ZARGY_4903_001_100_0000_Light-Camicia-in-cotone-Oxford-GG-con-effetto-ottico.jpg
8,3,//media.gucci.com/style/DarkGray_Center_0_0_980x980/1712821642/788987_ZAQRX_6190_001_100_0000_Light-Top-corto-in-seta-con-stampa-Morsetto-e-righe-Gucci.jpg
9,3,//media.gucci.com/style/DarkGray_Center_0_0_980x980/1712821644/788987_ZAQRX_6190_004_100_0000_Light-Top-corto-in-seta-con-stampa-Morsetto-e-righe-Gucci.jpg
10,3,//media.gucci.com/style/DarkGray_Center_0_0_980x980/1712821645/788987_ZAQRX_6190_005_100_0000_Light-Top-corto-in-seta-con-stampa-Morsetto-e-righe-Gucci.jpg
11,3,//media.gucci.com/style/White_Center_0_0_730x490/1712821642/788987_ZAQRX_6190_001_100_0000_Light-Top-corto-in-seta-con-stampa-Morsetto-e-righe-Gucci.jpg
12,4,//media.gucci.com/style/DarkGray_Center_0_0_980x980/1713891711/788903_ZAM9M_5267_001_100_0000_Light-Camicia-in-cotone-Oxford-GG-Supreme.jpg
13,4,//media.gucci.com/style/DarkGray_Center_0_0_980x980/1713891713/788903_ZAM9M_5267_004_100_0000_Light-Camicia-in-cotone-Oxford-GG-Supreme.jpg
14,4,//media.gucci.com/style/DarkGray_Center_0_0_980x980/1713891714/788903_ZAM9M_5267_005_100_0000_Light-Camicia-in-cotone-Oxford-GG-Supreme.jpg
15,4,//media.gucci.com/style/White_Center_0_0_730x490/1713891711/788903_ZAM9M_5267_001_100_0000_Light-Camicia-in-cotone-Oxford-GG-Supreme.jpg
16,5,//media.gucci.com/style/DarkGray_Center_0_0_980x980/1712821568/788840_ZAJP1_9692_001_100_0000_Light-Camicia-in-popeline-di-cotone.jpg
17,5,//media.gucci.com/style/DarkGray_Center_0_0_980x980/1712821570/788840_ZAJP1_9692_004_100_0000_Light-Camicia-in-popeline-di-cotone.jpg
18,5,//media.gucci.com/style/DarkGray_Center_0_0_980x980/1712821571/788840_ZAJP1_9692_005_100_0000_Light-Camicia-in-popeline-di-cotone.jpg
19,5,//media.gucci.com/style/White_Center_0_0_730x490/1712821568/788840_ZAJP1_9692_001_100_0000_Light-Camicia-in-popeline-di-cotone.jpg
20,6,//media.gucci.com/style/DarkGray_Center_0_0_980x980/1712822418/791840_ZAQ1Q_6253_001_100_0000_Light-Camicia-in-seta-con-stampa-Morsetto.jpg
21,6,//media.gucci.com/style/DarkGray_Center_0_0_980x980/1712822421/791840_ZAQ1Q_6253_004_100_0000_Light-Camicia-in-seta-con-stampa-Morsetto.jpg
22,6,//media.gucci.com/style/DarkGray_Center_0_0_980x980/1712822422/791840_ZAQ1Q_6253_005_100_0000_Light-Camicia-in-seta-con-stampa-Morsetto.jpg
23,6,//media.gucci.com/style/White_Center_0_0_730x490/1712822418/791840_ZAQ1Q_6253_001_100_0000_Light-Camicia-in-seta-con-stampa-Morsetto.jpg
24,7,//media.gucci.com/style/DarkGray_Center_0_0_980x980/1712819711/739432_ZAMQ6_4474_001_100_0000_Light-Top-in-pizzo-floreale-con-Doppia-G.jpg
25,7,//media.gucci.com/style/DarkGray_Center_0_0_980x980/1712819714/739432_ZAMQ6_4474_004_100_0000_Light-Top-in-pizzo-floreale-con-Doppia-G.jpg
26,7,//media.gucci.com/style/DarkGray_Center_0_0_980x980/1712819714/739432_ZAMQ6_4474_005_100_0000_Light-Top-in-pizzo-floreale-con-Doppia-G.jpg
27,7,//media.gucci.com/style/White_Center_0_0_730x490/1712819711/739432_ZAMQ6_4474_001_100_0000_Light-Top-in-pizzo-floreale-con-Doppia-G.jpg
28,8,//media.gucci.com/style/DarkGray_Center_0_0_980x980/1712150225/788990_ZAQP7_9799_001_100_0000_Light-Maglia-in-pizzo-di-cotone-floreale-Gucci-con-stampa.jpg
29,8,//media.gucci.com/style/DarkGray_Center_0_0_980x980/1712150227/788990_ZAQP7_9799_004_100_0000_Light-Maglia-in-pizzo-di-cotone-floreale-Gucci-con-stampa.jpg
30,8,//media.gucci.com/style/DarkGray_Center_0_0_980x980/1712150228/788990_ZAQP7_9799_005_100_0000_Light-Maglia-in-pizzo-di-cotone-floreale-Gucci-con-stampa.jpg
31,8,//media.gucci.com/style/White_Center_0_0_730x490/1712150225/788990_ZAQP7_9799_001_100_0000_Light-Maglia-in-pizzo-di-cotone-floreale-Gucci-con-stampa.jpg
32,9,//media.gucci.com/style/DarkGray_Center_0_0_980x980/1712855777/788830_ZAQTG_9692_001_100_0000_Light-Camicia-in-popeline-di-cotone-con-ricamo.jpg
33,9,//media.gucci.com/style/DarkGray_Center_0_0_980x980/1712855780/788830_ZAQTG_9692_004_100_0000_Light-Camicia-in-popeline-di-cotone-con-ricamo.jpg
34,9,//media.gucci.com/style/DarkGray_Center_0_0_980x980/1712855781/788830_ZAQTG_9692_005_100_0000_Light-Camicia-in-popeline-di-cotone-con-ricamo.jpg
35,9,//media.gucci.com/style/White_Center_0_0_730x490/1712855777/788830_ZAQTG_9692_001_100_0000_Light-Camicia-in-popeline-di-cotone-con-ricamo.jpg
36,10,//media.gucci.com/style/DarkGray_Center_0_0_980x980/1709567112/761896_ZAPJ7_4066_001_100_0000_Light-Camicia-in-crpe-de-chine-e-seta.jpg
37,10,//media.gucci.com/style/DarkGray_Center_0_0_980x980/1709567114/761896_ZAPJ7_4066_004_100_0000_Light-Camicia-in-crpe-de-chine-e-seta.jpg
38,10,//media.gucci.com/style/DarkGray_Center_0_0_980x980/1709567115/761896_ZAPJ7_4066_005_100_0000_Light-Camicia-in-crpe-de-chine-e-seta.jpg
39,10,//media.gucci.com/style/Transparent_Center_0_0_730x490/1699551981/761896_ZAPJ7_9154_001_100_0000_Light.png
40,10,//media.gucci.com/style/Transparent_Center_0_0_730x490/1702543511/761896_ZAPJ7_1000_001_100_0000_Light.png
41,10,//media.gucci.com/style/White_Center_0_0_730x490/1709567112/761896_ZAPJ7_4066_001_100_0000_Light-Camicia-in-crpe-de-chine-e-seta.jpg
42,11,//media.gucci.com/style/DarkGray_Center_0_0_980x980/1712150220/788988_ZAQXT_2312_001_100_0000_Light-Top-in-gabardina-di-cotone-GG.jpg
43,11,//media.gucci.com/style/DarkGray_Center_0_0_980x980/1712150222/788988_ZAQXT_2312_004_100_0000_Light-Top-in-gabardina-di-cotone-GG.jpg
44,11,//media.gucci.com/style/DarkGray_Center_0_0_980x980/1712150223/788988_ZAQXT_2312_005_100_0000_Light-Top-in-gabardina-di-cotone-GG.jpg
45,11,//media.gucci.com/style/White_Center_0_0_730x490/1712150220/788988_ZAQXT_2312_001_100_0000_Light-Top-in-gabardina-di-cotone-GG.jpg
46,12,//media.gucci.com/style/DarkGray_Center_0_0_980x980/1709889372/784901_ZAQUK_2312_001_100_0000_Light-Camicia-in-gabardina-di-cotone-GG.jpg
47,12,//media.gucci.com/style/DarkGray_Center_0_0_980x980/1709890221/784901_ZAQUK_2312_004_100_0000_Light-Camicia-in-gabardina-di-cotone-GG.jpg
48,12,//media.gucci.com/style/DarkGray_Center_0_0_980x980/1709890222/784901_ZAQUK_2312_005_100_0000_Light-Camicia-in-gabardina-di-cotone-GG.jpg
49,12,//media.gucci.com/style/White_Center_0_0_730x490/1709889372/784901_ZAQUK_2312_001_100_0000_Light-Camicia-in-gabardina-di-cotone-GG.jpg
50,13,//media.gucci.com/style/DarkGray_Center_0_0_980x980/1717405203/784900_ZAQII_4421_001_100_0000_Light-Camicia-in-cotone-jacquard-gessato.jpg
51,13,//media.gucci.com/style/DarkGray_Center_0_0_980x980/1713892575/784900_ZAQII_4421_004_100_0000_Light-Camicia-in-cotone-jacquard-gessato.jpg
52,13,//media.gucci.com/style/DarkGray_Center_0_0_980x980/1713892576/784900_ZAQII_4421_005_100_0000_Light-Camicia-in-cotone-jacquard-gessato.jpg
53,13,//media.gucci.com/style/White_Center_0_0_730x490/1717405203/784900_ZAQII_4421_001_100_0000_Light-Camicia-in-cotone-jacquard-gessato.jpg
54,14,https://image.hm.com/assets/hm/f4/44/f4440ea4efb1fcab43e8ea84e1e1b9aa1c130fc4.jpg?imwidth=2160
55,14,https://image.hm.com/assets/hm/cb/3f/cb3f264626768b69da4ad681a143c06601c98457.jpg?imwidth=2160
56,15,https://image.hm.com/assets/hm/bc/99/bc997f4a155848028646243096c3d9f064e9815c.jpg?imwidth=2160
57,15,https://image.hm.com/assets/hm/ce/93/ce935bcf009fd14a2dd2db19213367dbc70e2e5e.jpg?imwidth=2160
58,16,https://image.hm.com/assets/hm/bc/99/bc997f4a155848028646243096c3d9f064e9815c.jpg?imwidth=2160
59,16,https://image.hm.com/assets/hm/ce/93/ce935bcf009fd14a2dd2db19213367dbc70e2e5e.jpg?imwidth=2160
60,17,https://image.hm.com/assets/hm/2a/cb/2acb0e582b2948c8daaa421ef5709ef7a87a857a.jpg?imwidth=2160
61,17,https://image.hm.com/assets/hm/74/52/745278ca563563e01f37a559c2873c499adf3a3a.jpg?imwidth=2160
62,18,https://image.hm.com/assets/hm/b2/c4/b2c451d388b28d34942a9d69da777fcbf9df1875.jpg?imwidth=2160
63,18,https://image.hm.com/assets/hm/ce/d1/ced14b85844477d851b7c96bddf8eeb6ba98936f.jpg?imwidth=2160
64,19,https://image.hm.com/assets/hm/7d/f1/7df147002006e6aa661781ca1aab87493fede417.jpg?imwidth=2160
65,19,https://image.hm.com/assets/hm/41/aa/41aa3fd888dd9c55faf5988651417f80629e7baf.jpg?imwidth=2160
66,20,https://image.hm.com/assets/hm/64/e5/64e575ec868c59263700db854477c56b6db21caf.jpg?imwidth=2160
67,20,https://image.hm.com/assets/hm/37/69/37690d9a17be5948d0b73bfbd7ed84ec9b60e276.jpg?imwidth=2160
68,21,https://image.hm.com/assets/hm/64/e5/64e575ec868c59263700db854477c56b6db21caf.jpg?imwidth=2160
69,21,https://image.hm.com/assets/hm/37/69/37690d9a17be5948d0b73bfbd7ed84ec9b60e276.jpg?imwidth=2160
70,22,https://image.hm.com/assets/hm/45/3a/453abf6d0897fa4f2622d7bcb624c48607e39fb7.jpg?imwidth=2160
71,22,https://image.hm.com/assets/hm/cc/e1/cce1f57275b7c6d71772a2bb2fd2384148480753.jpg?imwidth=2160
72,23,https://image.hm.com/assets/hm/72/ae/72ae2533829973905b519549a2d7345aad149e15.jpg?imwidth=2160
73,23,https://image.hm.com/assets/hm/68/b6/68b649ef9f6b8c4e0b54c761555360cb6461afff.jpg?imwidth=2160
74,24,https://image.hm.com/assets/hm/72/ae/72ae2533829973905b519549a2d7345aad149e15.jpg?imwidth=2160
75,24,https://image.hm.com/assets/hm/68/b6/68b649ef9f6b8c4e0b54c761555360cb6461afff.jpg?imwidth=2160
76,25,https://image.hm.com/assets/hm/64/df/64df4f9bafe5d6fbf5674466166be6474af91706.jpg?imwidth=2160
77,25,https://image.hm.com/assets/hm/72/3e/723eaa0bfa8583019bbb722ae6bbbada1c7855a7.jpg?imwidth=2160
78,26,https://image.hm.com/assets/hm/e6/ff/e6ff22a360dc637fec7f98b4cac222626eb648c4.jpg?imwidth=2160
79,26,https://image.hm.com/assets/hm/8e/e0/8ee0feca8432b08f374807d9426df54ec8bd621d.jpg?imwidth=2160
80,27,https://image.hm.com/assets/hm/0b/5e/0b5ea3a8377aa300e41f0fc4f7f18c44c23e21b9.jpg?imwidth=2160
81,27,https://image.hm.com/assets/hm/62/45/6245f57cded3bfb3780ee8cdfecc8e17a79dedf2.jpg?imwidth=2160
82,28,https://image.hm.com/assets/hm/0b/5e/0b5ea3a8377aa300e41f0fc4f7f18c44c23e21b9.jpg?imwidth=2160
83,28,https://image.hm.com/assets/hm/62/45/6245f57cded3bfb3780ee8cdfecc8e17a79dedf2.jpg?imwidth=2160
84,29,https://image.hm.com/assets/hm/3f/89/3f8990e429d95c0c85dae711278d050af4dfdc85.jpg?imwidth=2160
85,29,https://image.hm.com/assets/hm/e8/24/e82424c2634fd985381aa55399d90bc08011a929.jpg?imwidth=2160
86,30,https://image.hm.com/assets/hm/d9/15/d915ae9407e4f01b0a7028160b437715d0c56dc1.jpg?imwidth=2160
87,30,https://image.hm.com/assets/hm/73/09/73097fc78f3ac0a8f8f3aee3fab02e2ea877ba24.jpg?imwidth=2160
88,31,https://image.hm.com/assets/hm/78/6c/786c83951a35a131cf20922c20396ebc52516cf8.jpg?imwidth=2160
89,31,https://image.hm.com/assets/hm/df/2b/df2bbbcd59689fcebbbbc530ee01d218b13c0bb7.jpg?imwidth=2160
90,32,https://image.hm.com/assets/hm/66/24/6624a6dafc85ee04dad749c6f3e3a3bbe354d117.jpg?imwidth=2160
91,32,https://image.hm.com/assets/hm/6d/96/6d961e1d6884d6490814460b3f45484d0741a75b.jpg?imwidth=2160
92,33,https://image.hm.com/assets/hm/bf/f1/bff1f250e58816ee1202f0e8e2dc820121ab89ef.jpg?imwidth=2160
93,33,https://image.hm.com/assets/hm/76/90/76909cdd793f6162554cec671a046b29bb71118f.jpg?imwidth=2160
94,34,https://image.hm.com/assets/hm/bf/f1/bff1f250e58816ee1202f0e8e2dc820121ab89ef.jpg?imwidth=2160
95,34,https://image.hm.com/assets/hm/76/90/76909cdd793f6162554cec671a046b29bb71118f.jpg?imwidth=2160
96,35,https://image.hm.com/assets/hm/37/18/37182914a4909cd9789a3cc9927175de640bc46a.jpg?imwidth=2160
97,35,https://image.hm.com/assets/hm/3c/df/3cdfb0da024579bfd78b45fc4b185b1b74241987.jpg?imwidth=2160
98,36,https://image.hm.com/assets/hm/a2/3d/a23dab7eef159ad357cc5499e36546cbd889b7ad.jpg?imwidth=2160
99,36,https://image.hm.com/assets/hm/f5/5a/f55adedb00126ebdcc390f986c1750000ae3398e.jpg?imwidth=2160
100,37,https://image.hm.com/assets/hm/26/c0/26c01003d69213dabd5bd7cb74b06639952c1034.jpg?imwidth=2160
101,37,https://image.hm.com/assets/hm/63/08/6308486c2d1d10253ec1c4e74d379b35e337b4d1.jpg?imwidth=2160
102,38,https://shop.mango.com/assets/rcs/pics/static/T6/fotos/S/67085722_88_R.jpg?imwidth=2048&imdensity=1&ts=1715934836078
103,38,https://shop.mango.com/assets/rcs/pics/static/T6/fotos/S/67085722_88_D8.jpg?imwidth=2048&imdensity=1&ts=1702285395203
104,38,https://shop.mango.com/assets/rcs/pics/static/T6/fotos/S/67085722_88_B.jpg?imwidth=2048&imdensity=1&ts=1702285395203
105,39,https://shop.mango.com/assets/rcs/pics/static/T6/fotos/S/67046320_37_R.jpg?imwidth=2048&imdensity=1&ts=1707472987889
106,39,https://shop.mango.com/assets/rcs/pics/static/T6/fotos/S/67046320_37_D8.jpg?imwidth=2048&imdensity=1&ts=1706632395332
107,39,https://shop.mango.com/assets/rcs/pics/static/T6/fotos/S/67046320_37_B.jpg?imwidth=2048&imdensity=1&ts=1706632395332
108,40,https://shop.mango.com/assets/rcs/pics/static/T6/fotos/S/67054046_02_R.jpg?imwidth=2048&imdensity=1&ts=1706261699916
109,40,https://shop.mango.com/assets/rcs/pics/static/T6/fotos/S/67054046_02_D8.jpg?imwidth=2048&imdensity=1&ts=1701419622999
110,40,https://shop.mango.com/assets/rcs/pics/static/T6/fotos/S/67054046_02_B.jpg?imwidth=2048&imdensity=1&ts=1701419622999
111,41,https://shop.mango.com/assets/rcs/pics/static/T6/fotos/S/67047111_01_R.jpg?imwidth=2048&imdensity=1&ts=1710407388128
112,41,https://shop.mango.com/assets/rcs/pics/static/T6/fotos/S/67047111_01_D8.jpg?imwidth=2048&imdensity=1&ts=1709139813313
113,41,https://shop.mango.com/assets/rcs/pics/static/T6/fotos/S/67047111_01_B.jpg?imwidth=2048&imdensity=1&ts=1709139813313
114,42,https://shop.mango.com/assets/rcs/pics/static/T7/fotos/S/77080365_70_R.jpg?imwidth=2048&imdensity=1&ts=1712569431753
115,42,https://shop.mango.com/assets/rcs/pics/static/T7/fotos/S/77080365_70_D8.jpg?imwidth=2048&imdensity=1&ts=1711555905998
116,42,https://shop.mango.com/assets/rcs/pics/static/T7/fotos/S/77080365_70_B.jpg?imwidth=2048&imdensity=1&ts=1711555905998
117,43,https://shop.mango.com/assets/rcs/pics/static/T7/fotos/S/77080345_02_R.jpg?imwidth=2048&imdensity=1&ts=1712225430513
118,43,https://shop.mango.com/assets/rcs/pics/static/T7/fotos/S/77080345_02_D8.jpg?imwidth=2048&imdensity=1&ts=1711555905998
119,43,https://shop.mango.com/assets/rcs/pics/static/T7/fotos/S/77080345_02_B.jpg?imwidth=2048&imdensity=1&ts=1711555905998
120,44,https://shop.mango.com/assets/rcs/pics/static/T6/fotos/S/67056341_88_R.jpg?imwidth=2048&imdensity=1&ts=1708688004321
121,44,https://shop.mango.com/assets/rcs/pics/static/T6/fotos/S/67056341_88_D8.jpg?imwidth=2048&imdensity=1&ts=1706182415882
122,44,https://shop.mango.com/assets/rcs/pics/static/T6/fotos/S/67056341_88_B.jpg?imwidth=2048&imdensity=1&ts=1706182415882
123,45,https://shop.mango.com/assets/rcs/pics/static/T6/fotos/S/67030437_01_R.jpg?imwidth=2048&imdensity=1&ts=1706261699916
124,45,https://shop.mango.com/assets/rcs/pics/static/T6/fotos/S/67030437_01_D8.jpg?imwidth=2048&imdensity=1&ts=1697623377637
125,45,https://shop.mango.com/assets/rcs/pics/static/T6/fotos/S/67030437_01_B.jpg?imwidth=2048&imdensity=1&ts=1697623377637
126,46,https://shop.mango.com/assets/rcs/pics/static/T6/fotos/S/67084036_10_R.jpg?imwidth=2048&imdensity=1&ts=1705673013310
127,46,https://shop.mango.com/assets/rcs/pics/static/T6/fotos/S/67084036_10_D8.jpg?imwidth=2048&imdensity=1&ts=1704882935245
128,46,https://shop.mango.com/assets/rcs/pics/static/T6/fotos/S/67084036_10_B.jpg?imwidth=2048&imdensity=1&ts=1704882935245
129,47,https://shop.mango.com/assets/rcs/pics/static/T6/fotos/S/67017125_05_R.jpg?imwidth=2048&imdensity=1&ts=1711110860282
130,47,https://shop.mango.com/assets/rcs/pics/static/T6/fotos/S/67017125_05_D8.jpg?imwidth=2048&imdensity=1&ts=1709049817612
131,47,https://shop.mango.com/assets/rcs/pics/static/T6/fotos/S/67017125_05_B.jpg?imwidth=2048&imdensity=1&ts=1709049817612
132,48,https://shop.mango.com/assets/rcs/pics/static/T6/fotos/S/67069233_43_R.jpg?imwidth=2048&imdensity=1&ts=1716278764561
133,48,https://shop.mango.com/assets/rcs/pics/static/T6/fotos/S/67069233_43_D8.jpg?imwidth=2048&imdensity=1&ts=1712049031476
134,48,https://shop.mango.com/assets/rcs/pics/static/T6/fotos/S/67069233_43_B.jpg?imwidth=2048&imdensity=1&ts=1712049031476
135,49,https://shop.mango.com/assets/rcs/pics/static/T6/fotos/S/67010439_99_R.jpg?imwidth=2048&imdensity=1&ts=1707319995242
136,49,https://shop.mango.com/assets/rcs/pics/static/T6/fotos/S/67010439_99_D8.jpg?imwidth=2048&imdensity=1&ts=1707147263571
137,49,https://shop.mango.com/assets/rcs/pics/static/T6/fotos/S/67010439_99_B.jpg?imwidth=2048&imdensity=1&ts=1707147263571
138,50,https://shop.mango.com/assets/rcs/pics/static/T5/fotos/S/57013819_52_R.jpg?imwidth=2048&imdensity=1&ts=1688482970349
139,50,https://shop.mango.com/assets/rcs/pics/static/T5/fotos/S/57013819_52_D8.jpg?imwidth=2048&imdensity=1&ts=1684485381886
140,50,https://shop.mango.com/assets/rcs/pics/static/T5/fotos/S/57013819_52_B.jpg?imwidth=2048&imdensity=1&ts=1684485381886
141,51,https://shop.mango.com/assets/rcs/pics/static/T7/fotos/S/77060265_99_R.jpg?imwidth=2048&imdensity=1&ts=1714129985148
142,51,https://shop.mango.com/assets/rcs/pics/static/T7/fotos/S/77060265_99_D8.jpg?imwidth=2048&imdensity=1&ts=1713877624444
143,51,https://shop.mango.com/assets/rcs/pics/static/T7/fotos/S/77060265_99_B.jpg?imwidth=2048&imdensity=1&ts=1713877624444
144,52,https://shop.mango.com/assets/rcs/pics/static/T6/fotos/S/67037137_05_R.jpg?imwidth=2048&imdensity=1&ts=1710871817956
145,52,https://shop.mango.com/assets/rcs/pics/static/T6/fotos/S/67037137_05_D8.jpg?imwidth=2048&imdensity=1&ts=1710236842596
146,52,https://shop.mango.com/assets/rcs/pics/static/T6/fotos/S/67037137_05_B.jpg?imwidth=2048&imdensity=1&ts=1710236842596
147,53,https://shop.mango.com/assets/rcs/pics/static/T6/fotos/S/67016323_02_R.jpg?imwidth=2048&imdensity=1&ts=1707838458506
148,53,https://shop.mango.com/assets/rcs/pics/static/T6/fotos/S/67016323_02_D8.jpg?imwidth=2048&imdensity=1&ts=1707147263571
149,53,https://shop.mango.com/assets/rcs/pics/static/T6/fotos/S/67016323_02_B.jpg?imwidth=2048&imdensity=1&ts=1707147263571
150,54,https://shop.mango.com/assets/rcs/pics/static/T6/fotos/S/67017124_05_R.jpg?imwidth=2048&imdensity=1&ts=1710169679375
151,54,https://shop.mango.com/assets/rcs/pics/static/T6/fotos/S/67017124_05_D8.jpg?imwidth=2048&imdensity=1&ts=1709903645822
152,54,https://shop.mango.com/assets/rcs/pics/static/T6/fotos/S/67017124_05_B.jpg?imwidth=2048&imdensity=1&ts=1709903645822
153,55,https://shop.mango.com/assets/rcs/pics/static/T6/fotos/S/67030436_98_R.jpg?imwidth=2048&imdensity=1&ts=1709030014582
154,55,https://shop.mango.com/assets/rcs/pics/static/T6/fotos/S/67030436_98_D8.jpg?imwidth=2048&imdensity=1&ts=1697205807907
155,55,https://shop.mango.com/assets/rcs/pics/static/T6/fotos/S/67030436_98_B.jpg?imwidth=2048&imdensity=1&ts=1697205807907
156,56,https://shop.mango.com/assets/rcs/pics/static/T6/fotos/S/67008648_02_R.jpg?imwidth=2048&imdensity=1&ts=1712076132222
157,56,https://shop.mango.com/assets/rcs/pics/static/T6/fotos/S/67008648_02_D8.jpg?imwidth=2048&imdensity=1&ts=1710243577127
158,56,https://shop.mango.com/assets/rcs/pics/static/T6/fotos/S/67008648_02_B.jpg?imwidth=2048&imdensity=1&ts=1710243577127
159,57,https://shop.mango.com/assets/rcs/pics/static/T6/fotos/S/67084070_05_R.jpg?imwidth=2048&imdensity=1&ts=1704987194279
160,57,https://shop.mango.com/assets/rcs/pics/static/T6/fotos/S/67084070_05_D8.jpg?imwidth=2048&imdensity=1&ts=1704807191540
161,57,https://shop.mango.com/assets/rcs/pics/static/T6/fotos/S/67084070_05_B.jpg?imwidth=2048&imdensity=1&ts=1704807191540
