,id,Brand_id,Detail,Brand,Price,Link
0,59,1,"*Type: Shirt
*Fit: Regular fit
*Sleeve style: Long sleeve
*Neckline: Button-down
*Material: Silk
*Formality: Business Casual, Formal
*Season: Spring, Summer, Autumn
*Colors: 50% Blue, 50% White
*Texture: Smooth
*Transparency: Opaque
*Details and Embellishments: Buttons
*Shape: Fitted
*Length: Hip-length
*Collar Style: Button-down
*Sleeve Style: Long
*Patterns: Geometric
*Patterns placement: All over
*Fluidity of fabric: High
*Fabric weight: Light
*Pocket Presence: No
*Pocket placement: Not applicable
*Pocket size: Not applicable
*Breathability: High
*Occasion Suitability: Business casual, formal
*Lapel: Not applicable",Gucci,1500.0,https://www.gucci.com/it/it/pr/women/ready-to-wear-for-women/tops-and-shirts-for-women/shirts-for-women/gg-print-silk-shirt-with-optical-effect-p-800292ZARRW5467
1,60,2,"    *Type: Shirt  
    *Fit: Regular fit  
    *Sleeve style: Long sleeve  
    *Neckline: Button-down collar  
    *Material: Cotton  
    *Formality: Business Casual  
    *Seasson: Spring, Summer, Autumn  
    *Colors: Light blue 90%, White 10%  
    *Texture: Smooth  
    *Transparency: Opaque  
    *Details and Embellishments: Buttons  
    *Shape: Fitted  
    *Length: Hip-length  
    *Collar Style: Button-down  
    *Sleeve Style: Long  
    *Patterns: Geometric  
    *Patterns placement: All-over  
    *Fluidity of fabric: Moderate  
    *Fabric weight: Light  
    *Pocket Presence: No  
    *Pocket placement: Not applicable  
    *Pocket size: Not applicable  
    *Breathability: High  
    *Occasion Suitability: Business casual  
    *Lapel: Not applicable",Gucci,650.0,https://www.gucci.com/it/it/pr/women/ready-to-wear-for-women/tops-and-shirts-for-women/shirts-for-women/gg-oxford-cotton-shirt-with-optical-effect-p-797922ZARGY4903
2,61,3,"*Type: Top  
*Fit: Regular fit  
*Sleeve style: Sleeveless  
*Neckline: V-neck  
*Material: Silk  
*Formality: Casual, Business Casual  
*Season: Spring, Summer  
*Colors: Red 60%, White 30%, Green 10%  
*Texture: Smooth  
*Transparency: Opaque  
*Details and Embellishments: Print  
*Shape: Fitted  
*Length: Cropped  
*Collar Style: V-neck  
*Sleeve Style: Sleeveless  
*Patterns: Stripes, Horsebit print  
*Patterns placement: All over  
*Fluidity of fabric: High  
*Fabric weight: Light  
*Pocket Presence: No  
*Pocket placement: Not applicable  
*Pocket size: Not applicable  
*Breathability: High  
*Occasion Suitability: Casual, Business Casual  
*Lapel: Not applicable",Gucci,720.0,https://www.gucci.com/it/it/pr/women/ready-to-wear-for-women/tops-and-shirts-for-women/tops-for-women/gucci-horsebit-stripe-print-silk-crop-top-p-788987ZAQRX6190
3,62,4,"*Type: Shirt  
*Fit: Regular fit  
*Sleeve style: Long sleeve  
*Neckline: Button-down  
*Material: Cotton  
*Formality: Business Casual  
*Season: Spring, Summer  
*Colors: Light Blue 80%, White 20%  
*Texture: Smooth  
*Transparency: Opaque  
*Details and Embellishments: Buttons, GG Supreme pattern  
*Shape: Fitted  
*Length: Hip-length  
*Collar Style: Button-down  
*Sleeve Style: Long  
*Patterns: Geometric (GG Supreme)  
*Patterns placement: Throughout  
*Fluidity of fabric: Medium  
*Fabric weight: Light  
*Pocket Presence: No  
*Pocket placement: Not applicable  
*Pocket size: Not applicable  
*Breathability: High  
*Occasion Suitability: Business casual  
*Lapel: Not applicable",Gucci,1100.0,https://www.gucci.com/it/it/pr/women/ready-to-wear-for-women/tops-and-shirts-for-women/shirts-for-women/gg-supreme-oxford-cotton-shirt-p-788903ZAM9M5267
4,63,5,"*Type: Shirt  
*Fit: Regular fit  
*Sleeve style: Long sleeve  
*Neckline: Buttoned  
*Material: Cotton  
*Formality: Business Casual, Formal  
*Season: Spring, Summer  
*Colors: 100% White  
*Texture: Smooth  
*Transparency: Opaque  
*Details and Embellishments: Buttons  
*Shape: Fitted  
*Length: Hip-length  
*Collar Style: Button-down  
*Sleeve Style: Long  
*Patterns: Not applicable  
*Patterns placement: Not applicable  
*Fluidity of fabric: Moderate  
*Fabric weight: Light  
*Pocket Presence: Yes  
*Pocket placement: Left chest  
*Pocket size: Medium  
*Breathability: High  
*Occasion Suitability: Business casual, formal  
*Lapel: Not applicable",Gucci,1100.0,https://www.gucci.com/it/it/pr/women/ready-to-wear-for-women/tops-and-shirts-for-women/shirts-for-women/cotton-poplin-shirt-p-788840ZAJP19692
5,64,6,"*Type: Shirt  
*Fit: Regular fit  
*Sleeve style: Long sleeve  
*Neckline: V-neck  
*Material: Silk  
*Formality: Formal  
*Seasson: Spring, Summer  
*Colors: Red 90%, White 10%  
*Texture: Smooth  
*Transparency: Opaque  
*Details and Embellishments: Buttons  
*Shape: Fitted  
*Length: Hip-length  
*Collar Style: Button-down  
*Sleeve Style: Long  
*Patterns: Geometric  
*Patterns placement: Not applicable  
*Fluidity of fabric: High  
*Fabric weight: Light  
*Pocket Presence: No  
*Pocket placement: Not applicable  
*Pocket size: Not applicable  
*Breathability: High  
*Occasion Suitability: Formal  
*Lapel: Not applicable  ",Gucci,1700.0,https://www.gucci.com/it/it/pr/women/ready-to-wear-for-women/tops-and-shirts-for-women/shirts-for-women/horsebit-print-silk-shirt-p-791840ZAQ1Q6253
6,65,7,"*Type: Top  
*Fit: Regular fit  
*Sleeve style: Sleeveless  
*Neckline: Crew neck  
*Material: Lace  
*Formality: Casual, Formal  
*Season: Spring, Summer  
*Colors: Blue (100%)  
*Texture: Smooth, Lace  
*Transparency: Semi-transparent  
*Details and Embellishments: Floral lace, Double-G emblem  
*Shape: Fitted  
*Length: Hip-length  
*Collar Style: Crew neck  
*Sleeve Style: Sleeveless  
*Patterns: Floral  
*Patterns placement: All over  
*Fluidity of fabric: Medium  
*Fabric weight: Light  
*Pocket Presence: No  
*Pocket placement: Not applicable  
*Pocket size: Not applicable  
*Breathability: High  
*Occasion Suitability: Casual, formal  
*Lapel: Not applicable",Gucci,980.0,https://www.gucci.com/it/it/pr/women/ready-to-wear-for-women/tops-and-shirts-for-women/tops-for-women/double-g-flower-lace-top-p-739432ZAMQ64474
7,66,8,"*Type: Top
*Fit: Regular fit
*Sleeve style: Long sleeve
*Neckline: Crew neck
*Material: Cotton
*Formality: Casual, Business Casual
*Season: Spring, Summer
*Colors: White 90%, Black 10%
*Texture: Lace
*Transparency: Semi-transparent
*Details and Embellishments: Floral lace
*Shape: Fitted
*Length: Hip-length
*Collar Style: Crew neck
*Sleeve Style: Long
*Patterns: Floral
*Patterns placement: Not applicable
*Fluidity of fabric: Moderate
*Fabric weight: Light
*Pocket Presence: No
*Pocket placement: Not applicable
*Pocket size: Not applicable
*Breathability: High
*Occasion Suitability: Casual, Business Casual
*Lapel: Not applicable",Gucci,2100.0,https://www.gucci.com/it/it/pr/women/ready-to-wear-for-women/tops-and-shirts-for-women/tops-for-women/gucci-floral-cotton-lace-top-with-print-p-788990ZAQP79799
8,67,9,"*Type: Shirt
*Fit: Regular fit
*Sleeve style: Long sleeve
*Neckline: Button-down
*Material: Cotton poplin
*Formality: Business Casual, Formal
*Seasson: Spring, Summer, Autumn
*Colors: White 100%
*Texture: Smooth
*Transparency: Opaque
*Details and Embellishments: Embroidery, Buttons
*Shape: Fitted
*Length: Hip-length
*Collar Style: Button-down
*Sleeve Style: Long
*Patterns: Not applicable
*Patterns placement: Not applicable
*Fluidity of fabric: Medium
*Fabric weight: Light
*Pocket Presence: No
*Pocket placement: Not applicable
*Pocket size: Not applicable
*Breathability: High
*Occasion Suitability: Business casual, Formal
*Lapel: Not applicable",Gucci,2100.0,https://www.gucci.com/it/it/pr/women/ready-to-wear-for-women/tops-and-shirts-for-women/shirts-for-women/cotton-poplin-shirt-with-embroidery-p-788830ZAQTG9692
9,68,10,"*Type: Shirt
*Fit: Regular fit
*Sleeve style: Long sleeve
*Neckline: V-neck
*Material: Silk
*Formality: Formal
*Season: Spring, Summer
*Colors: Blue (100%)
*Texture: Smooth
*Transparency: Semi-transparent
*Details and Embellishments: Buttons
*Shape: Fitted
*Length: Hip-length
*Collar Style: Button-down
*Sleeve Style: Long
*Patterns: Not applicable
*Patterns placement: Not applicable
*Fluidity of fabric: High
*Fabric weight: Light
*Pocket Presence: No
*Pocket placement: Not applicable
*Pocket size: Not applicable
*Breathability: High
*Occasion Suitability: Formal
*Lapel: Not applicable",Gucci,980.0,https://www.gucci.com/it/it/pr/women/ready-to-wear-for-women/tops-and-shirts-for-women/shirts-for-women/silk-crepe-de-chine-shirt-p-761896ZAPJ74066
10,69,11,"*Type: Top
*Fit: Regular fit
*Sleeve style: Sleeveless
*Neckline: Crew neck
*Material: Cotton gabardine
*Formality: Casual
*Season: Spring, Summer
*Colors: Beige 100%
*Texture: Smooth
*Transparency: Opaque
*Details and Embellishments: GG pattern
*Shape: Boxy
*Length: Hip-length
*Collar Style: Crew neck
*Sleeve Style: Sleeveless
*Patterns: Geometric
*Patterns placement: All over
*Fluidity of fabric: Moderate
*Fabric weight: Light
*Pocket Presence: No
*Pocket placement: Not applicable
*Pocket size: Not applicable
*Breathability: High
*Occasion Suitability: Casual
*Lapel: Not applicable",Gucci,790.0,https://www.gucci.com/it/it/pr/women/ready-to-wear-for-women/tops-and-shirts-for-women/tops-for-women/gg-cotton-gabardine-top-p-788988ZAQXT2312
11,70,12,"*Type: Shirt  
*Fit: Regular fit  
*Sleeve style: Long sleeve  
*Neckline: Button-down  
*Material: Cotton  
*Formality: Casual  
*Season: Spring, Summer, Autumn  
*Colors: Beige (90%), Brown (10%)  
*Texture: Smooth  
*Transparency: Opaque  
*Details and Embellishments: Buttons, All-over GG pattern  
*Shape: Fitted  
*Length: Hip-length  
*Collar Style: Button-down  
*Sleeve Style: Long  
*Patterns: Geometric  
*Patterns placement: All-over  
*Fluidity of fabric: Medium  
*Fabric weight: Medium  
*Pocket Presence: No  
*Pocket placement: Not applicable  
*Pocket size: Not applicable  
*Breathability: High  
*Occasion Suitability: Casual, Business Casual  
*Lapel: Not applicable",Gucci,950.0,https://www.gucci.com/it/it/pr/women/ready-to-wear-for-women/tops-and-shirts-for-women/tops-for-women/gg-cotton-gabardine-shirt-p-784901ZAQUK2312
12,71,13,"*Type: Shirt  
*Fit: Regular fit  
*Sleeve style: Long sleeve  
*Neckline: Button-down  
*Material: Cotton  
*Formality: Business Casual  
*Seasson: Autumn, Winter  
*Colors: Blue 90%, White 10%  
*Texture: Smooth  
*Transparency: Opaque  
*Details and Embellishments: Buttons  
*Shape: Fitted  
*Length: Hip-length  
*Collar Style: Button-down  
*Sleeve Style: Long  
*Patterns: Stripes  
*Patterns placement: Not applicable  
*Fluidity of fabric: Medium  
*Fabric weight: Medium  
*Pocket Presence: Yes  
*Pocket placement: Left chest  
*Pocket size: Medium  
*Breathability: Medium  
*Occasion Suitability: Business casual  
*Lapel: Not applicable  ",Gucci,850.0,https://www.gucci.com/it/it/pr/women/ready-to-wear-for-women/tops-and-shirts-for-women/shirts-for-women/pinstripe-cotton-jacquard-shirt-p-784900ZAQII4421
13,72,14,"*Type: Blouse  
*Fit: Regular fit  
*Sleeve style: Long sleeve  
*Neckline: V-neck  
*Material: Polyester  
*Formality: Casual  
*Seasson: Spring, Summer  
*Colors: 100% White  
*Texture: Smooth  
*Transparency: Semi-transparent  
*Details and Embellishments: Buttons, Pleats  
*Shape: Fitted  
*Length: Hip-length  
*Collar Style: V-neck  
*Sleeve Style: Long  
*Patterns: Not applicable  
*Patterns placement: Not applicable  
*Fluidity of fabric: High  
*Fabric weight: Light  
*Pocket Presence: No  
*Pocket placement: Not applicable  
*Pocket size: Not applicable  
*Breathability: High  
*Occasion Suitability: Casual  
*Lapel: Not applicable",HM,9.99,https://www2.hm.com/it_it/productpage.1254805001.html
14,73,15,"*Type: Shirt  
*Fit: Regular fit  
*Sleeve style: Long sleeve  
*Neckline: Crew neck  
*Material: Cotton  
*Formality: Casual  
*Season: Autumn, Winter  
*Colors: Blue (90%), White (10%)  
*Texture: Smooth  
*Transparency: Opaque  
*Details and Embellishments: Buttons  
*Shape: Fitted  
*Length: Hip-length  
*Collar Style: Crew neck  
*Sleeve Style: Long  
*Patterns: Not applicable  
*Patterns placement: Not applicable  
*Fluidity of fabric: Medium  
*Fabric weight: Medium  
*Pocket Presence: No  
*Pocket placement: Not applicable  
*Pocket size: Not applicable  
*Breathability: Medium  
*Occasion Suitability: Casual  
*Lapel: Not applicable  ",HM,9.99,https://www2.hm.com/it_it/productpage.1254805002.html
15,74,16,"*Type: Shirt
*Fit: Regular fit
*Sleeve style: Long sleeve
*Neckline: Button-down
*Material: Cotton
*Formality: Casual
*Seasson: Autumn, Winter
*Colors: White 100%
*Texture: Smooth
*Transparency: Opaque
*Details and Embellishments: Buttons
*Shape: Fitted
*Length: Hip-length
*Collar Style: Button-down
*Sleeve Style: Long
*Patterns: Not applicable
*Patterns placement: Not applicable
*Fluidity of fabric: Medium
*Fabric weight: Light
*Pocket Presence: No
*Pocket placement: Not applicable
*Pocket size: Not applicable
*Breathability: High
*Occasion Suitability: Casual
*Lapel: Not applicable",HM,9.99,https://www2.hm.com/it_it/productpage.1254805002.html
16,75,17,"*Type: Shirt  
*Fit: Regular fit  
*Sleeve style: Long sleeve  
*Neckline: Button-down  
*Material: Cotton  
*Formality: Casual  
*Season: Autumn  
*Colors: Blue 100%  
*Texture: Smooth  
*Transparency: Opaque  
*Details and Embellishments: Buttons  
*Shape: Fitted  
*Length: Hip-length  
*Collar Style: Button-down  
*Sleeve Style: Long  
*Patterns: Not applicable  
*Patterns placement: Not applicable  
*Fluidity of fabric: Medium  
*Fabric weight: Medium  
*Pocket Presence: Yes  
*Pocket placement: Chest  
*Pocket size: Medium  
*Breathability: High  
*Occasion Suitability: Casual  
*Lapel: Not applicable  ",HM,9.99,https://www2.hm.com/it_it/productpage.1228446003.html
17,76,18,"*Type: Dress
*Fit: Regular fit
*Sleeve style: Long sleeve
*Neckline: V-neck
*Material: Polyester
*Formality: Casual
*Seasson: Autumn
*Colors: Black 100%
*Texture: Smooth
*Transparency: Opaque
*Details and Embellishments: Buttons
*Shape: Fitted
*Length: Mini
*Collar Style: Not applicable
*Sleeve Style: Long
*Patterns: Not applicable
*Patterns placement: Not applicable
*Fluidity of fabric: Medium
*Fabric weight: Medium
*Pocket Presence: No
*Pocket placement: Not applicable
*Pocket size: Not applicable
*Breathability: Medium
*Occasion Suitability: Casual
*Lapel: Not applicable",HM,9.99,https://www2.hm.com/it_it/productpage.1228446004.html
18,77,19,"*Type: Long-sleeve dress  
*Fit: Regular fit  
*Sleeve style: Long sleeve  
*Neckline: Crew neck  
*Material: Cotton  
*Formality: Casual  
*Season: Autumn, Winter  
*Colors: Black 100%  
*Texture: Smooth  
*Transparency: Opaque  
*Details and Embellishments: None  
*Shape: Fitted  
*Length: Knee-length  
*Collar Style: Crew neck  
*Sleeve Style: Long  
*Patterns: Not applicable  
*Patterns placement: Not applicable  
*Fluidity of fabric: Medium  
*Fabric weight: Medium  
*Pocket Presence: No  
*Pocket placement: Not applicable  
*Pocket size: Not applicable  
*Breathability: Medium  
*Occasion Suitability: Casual  
*Lapel: Not applicable",HM,15.99,https://www2.hm.com/it_it/productpage.1254666001.html
19,78,20,"*Type: Shirt
*Fit: Regular fit
*Sleeve style: Long sleeve
*Neckline: Button-down
*Material: Cotton
*Formality: Casual, Business Casual
*Seasson: Autumn, Spring
*Colors: Blue (80%), White (20%)
*Texture: Smooth
*Transparency: Opaque
*Details and Embellishments: Buttons
*Shape: Fitted
*Length: Hip-length
*Collar Style: Button-down
*Sleeve Style: Long
*Patterns: Stripes
*Patterns placement: Not applicable
*Fluidity of fabric: Medium
*Fabric weight: Light
*Pocket Presence: Yes
*Pocket placement: Left chest
*Pocket size: Medium
*Breathability: High
*Occasion Suitability: Casual, Business casual
*Lapel: Not applicable",HM,9.99,https://www2.hm.com/it_it/productpage.1247954001.html
20,79,21,"*Type: Shirt  
*Fit: Regular fit  
*Sleeve style: Long sleeve  
*Neckline: Button-down  
*Material: Cotton  
*Formality: Casual  
*Season: Spring, Summer, Autumn  
*Colors: White (100%)  
*Texture: Smooth  
*Transparency: Opaque  
*Details and Embellishments: Buttons  
*Shape: Fitted  
*Length: Hip-length  
*Collar Style: Button-down  
*Sleeve Style: Long  
*Patterns: Not applicable  
*Patterns placement: Not applicable  
*Fluidity of fabric: Moderate  
*Fabric weight: Light  
*Pocket Presence: Yes  
*Pocket placement: Left chest  
*Pocket size: Medium  
*Breathability: High  
*Occasion Suitability: Casual  
*Lapel: Not applicable",HM,9.99,https://www2.hm.com/it_it/productpage.1247954001.html
21,80,22,"*Type: Shirt
*Fit: Regular fit
*Sleeve style: Long sleeve
*Neckline: Button-down collar
*Material: Cotton
*Formality: Casual, Business Casual
*Seasson: Spring, Summer, Autumn
*Colors: White (80%), Blue (20%)
*Texture: Smooth
*Transparency: Opaque
*Details and Embellishments: Buttons
*Shape: Fitted
*Length: Hip-length
*Collar Style: Button-down
*Sleeve Style: Long
*Patterns: Stripes
*Patterns placement: Throughout
*Fluidity of fabric: Medium
*Fabric weight: Light
*Pocket Presence: No
*Pocket placement: Not applicable
*Pocket size: Not applicable
*Breathability: High
*Occasion Suitability: Casual, Business Casual
*Lapel: Not applicable",HM,22.99,https://www2.hm.com/it_it/productpage.1244744003.html
22,81,23,"*Type: Shirt  
*Fit: Regular fit  
*Sleeve style: Long sleeve  
*Neckline: Crew neck  
*Material: Cotton  
*Formality: Casual  
*Seasson: Autumn  
*Colors: White 100%  
*Texture: Smooth  
*Transparency: Opaque  
*Details and Embellishments: Buttons, Chest pocket  
*Shape: Fitted  
*Length: Hip-length  
*Collar Style: Crew neck  
*Sleeve Style: Long  
*Patterns: Not applicable  
*Patterns placement: Not applicable  
*Fluidity of fabric: Medium  
*Fabric weight: Light  
*Pocket Presence: Yes  
*Pocket placement: Right chest  
*Pocket size: Medium  
*Breathability: High  
*Occasion Suitability: Casual  
*Lapel: Not applicable",HM,15.99,https://www2.hm.com/it_it/productpage.1203043006.html
23,82,24,"*Type: Shirt  
*Fit: Regular fit  
*Sleeve style: Long sleeve  
*Neckline: Crew neck  
*Material: Cotton  
*Formality: Casual  
*Season: Spring, Summer  
*Colors: White (100%)  
*Texture: Smooth  
*Transparency: Opaque  
*Details and Embellishments: Buttons  
*Shape: Boxy  
*Length: Hip-length  
*Collar Style: Crew neck  
*Sleeve Style: Long  
*Patterns: Not applicable  
*Patterns placement: Not applicable  
*Fluidity of fabric: Medium  
*Fabric weight: Light  
*Pocket Presence: Yes  
*Pocket placement: Left chest  
*Pocket size: Medium  
*Breathability: High  
*Occasion Suitability: Casual  
*Lapel: Not applicable",HM,15.99,https://www2.hm.com/it_it/productpage.1203043006.html
24,83,25,"*Type: Shirt
*Fit: Regular fit
*Sleeve style: Long sleeve
*Neckline: Crew neck
*Material: Cotton
*Formality: Casual
*Seasson: Spring, Autumn
*Colors: White 90%, Black 10%
*Texture: Smooth
*Transparency: Opaque
*Details and Embellishments: Buttons, Chest pocket
*Shape: Fitted
*Length: Hip-length
*Collar Style: Button-down
*Sleeve Style: Long
*Patterns: Stripes
*Patterns placement: Throughout
*Fluidity of fabric: Medium
*Fabric weight: Medium
*Pocket Presence: Yes
*Pocket placement: Left chest
*Pocket size: Medium
*Breathability: High
*Occasion Suitability: Casual
*Lapel: Not applicable",HM,22.99,https://www2.hm.com/it_it/productpage.1231734002.html
25,84,26,"*Type: Shirt  
*Fit: Regular fit  
*Sleeve style: Long sleeve  
*Neckline: Crew neck  
*Material: Cotton  
*Formality: Casual  
*Season: Autumn, Winter  
*Colors: White 80%, Blue 20%  
*Texture: Smooth  
*Transparency: Opaque  
*Details and Embellishments: Buttons  
*Shape: Fitted  
*Length: Hip-length  
*Collar Style: Button-down  
*Sleeve Style: Long  
*Patterns: Stripes  
*Patterns placement: Throughout  
*Fluidity of fabric: Medium  
*Fabric weight: Light  
*Pocket Presence: Yes  
*Pocket placement: Left chest  
*Pocket size: Small  
*Breathability: High  
*Occasion Suitability: Casual  
*Lapel: Not applicable",HM,9.99,https://www2.hm.com/it_it/productpage.1240875003.html
26,85,27,"*Type: Shirt
*Fit: Regular fit
*Sleeve style: Long sleeve
*Neckline: Crew neck
*Material: Cotton
*Formality: Casual
*Season: Spring, Autumn
*Colors: White (90%), Black (10%)
*Texture: Smooth
*Transparency: Opaque
*Details and Embellishments: Buttons
*Shape: Fitted
*Length: Hip-length
*Collar Style: Crew neck
*Sleeve Style: Long
*Patterns: Not applicable
*Patterns placement: Not applicable
*Fluidity of fabric: Medium
*Fabric weight: Light
*Pocket Presence: No
*Pocket placement: Not applicable
*Pocket size: Not applicable
*Breathability: High
*Occasion Suitability: Casual
*Lapel: Not applicable",HM,9.99,https://www2.hm.com/it_it/productpage.1137208001.html
27,86,28,"*Type: Long-sleeve dress  
*Fit: Regular fit  
*Sleeve style: Long sleeve  
*Neckline: Crew neck  
*Material: Cotton  
*Formality: Casual  
*Season: Autumn, Spring  
*Colors: Black (90%), White (10%)  
*Texture: Smooth  
*Transparency: Opaque  
*Details and Embellishments: Not applicable  
*Shape: Fitted  
*Length: Knee-length  
*Collar Style: Crew neck  
*Sleeve Style: Long  
*Patterns: Not applicable  
*Patterns placement: Not applicable  
*Fluidity of fabric: Medium  
*Fabric weight: Medium  
*Pocket Presence: No  
*Pocket placement: Not applicable  
*Pocket size: Not applicable  
*Breathability: Medium  
*Occasion Suitability: Casual  
*Lapel: Not applicable  ",HM,9.99,https://www2.hm.com/it_it/productpage.1137208001.html
28,87,29,"*Type: Top
*Fit: Regular fit
*Sleeve style: Short sleeve
*Neckline: Crew neck
*Material: Cotton
*Formality: Casual
*Season: Spring, Summer
*Colors: White: 90%, Black: 10%
*Texture: Smooth
*Transparency: Opaque
*Details and Embellishments: Not applicable
*Shape: Fitted
*Length: Hip-length
*Collar Style: Crew neck
*Sleeve Style: Short
*Patterns: Stripes
*Patterns placement: Throughout
*Fluidity of fabric: Medium
*Fabric weight: Light
*Pocket Presence: No
*Pocket placement: Not applicable
*Pocket size: Not applicable
*Breathability: High
*Occasion Suitability: Casual
*Lapel: Not applicable",HM,7.99,https://www2.hm.com/it_it/productpage.0882925055.html
29,88,30,"*Type: Shirt  
*Fit: Slim fit  
*Sleeve style: Long sleeve  
*Neckline: Crew neck  
*Material: Cotton  
*Formality: Casual  
*Season: Spring, Summer  
*Colors: White (100%)  
*Texture: Smooth  
*Transparency: Opaque  
*Details and Embellishments: Buttons  
*Shape: Fitted  
*Length: Hip-length  
*Collar Style: Button-down  
*Sleeve Style: Long  
*Patterns: Not applicable  
*Patterns placement: Not applicable  
*Fluidity of fabric: Medium  
*Fabric weight: Light  
*Pocket Presence: Yes  
*Pocket placement: Left chest  
*Pocket size: Medium  
*Breathability: High  
*Occasion Suitability: Casual  
*Lapel: Not applicable",HM,4.99,https://www2.hm.com/it_it/productpage.1201715002.html
30,89,31,"*Type: Shirt
*Fit: Regular fit
*Sleeve style: Long sleeve
*Neckline: Crew neck
*Material: Cotton
*Formality: Casual
*Season: Spring, Autumn
*Colors: 100% Black
*Texture: Smooth
*Transparency: Opaque
*Details and Embellishments: Buttons
*Shape: Fitted
*Length: Hip-length
*Collar Style: Button-down
*Sleeve Style: Long
*Patterns: Not applicable
*Patterns placement: Not applicable
*Fluidity of fabric: Moderate
*Fabric weight: Medium
*Pocket Presence: Yes
*Pocket placement: Chest
*Pocket size: Medium
*Breathability: Medium
*Occasion Suitability: Casual
*Lapel: Not applicable",HM,7.99,https://www2.hm.com/it_it/productpage.1243195002.html
31,90,32,"*Type: Shirt
*Fit: Relaxed
*Sleeve style: Long sleeve
*Neckline: Crew neck
*Material: Cotton
*Formality: Casual
*Season: Spring, Summer, Autumn
*Colors: White (100%)
*Texture: Smooth
*Transparency: Opaque
*Details and Embellishments: Not applicable
*Shape: Boxy
*Length: Hip-length
*Collar Style: Crew neck
*Sleeve Style: Long
*Patterns: Not applicable
*Patterns placement: Not applicable
*Fluidity of fabric: Medium
*Fabric weight: Light
*Pocket Presence: No
*Pocket placement: Not applicable
*Pocket size: Not applicable
*Breathability: High
*Occasion Suitability: Casual
*Lapel: Not applicable",HM,9.99,https://www2.hm.com/it_it/productpage.1240676005.html
32,91,33,"*Type: Shirt  
*Fit: Regular fit  
*Sleeve style: Long sleeve  
*Neckline: Button-down  
*Material: Cotton  
*Formality: Casual  
*Season: Autumn, Spring  
*Colors: White 100%  
*Texture: Smooth  
*Transparency: Opaque  
*Details and Embellishments: Buttons  
*Shape: Fitted  
*Length: Hip-length  
*Collar Style: Button-down  
*Sleeve Style: Long  
*Patterns: Not applicable  
*Patterns placement: Not applicable  
*Fluidity of fabric: Moderate  
*Fabric weight: Light  
*Pocket Presence: Yes  
*Pocket placement: Left chest  
*Pocket size: Medium  
*Breathability: High  
*Occasion Suitability: Casual  
*Lapel: Not applicable",HM,7.99,https://www2.hm.com/it_it/productpage.0963662122.html
33,92,34,"*Type: Shirt  
*Fit: Regular fit  
*Sleeve style: Short sleeve  
*Neckline: Crew neck  
*Material: Cotton  
*Formality: Casual  
*Seasson: Summer  
*Colors: White 100%  
*Texture: Smooth  
*Transparency: Opaque  
*Details and Embellishments: Buttons  
*Shape: Fitted  
*Length: Hip-length  
*Collar Style: Crew neck  
*Sleeve Style: Short  
*Patterns: Not applicable  
*Patterns placement: Not applicable  
*Fluidity of fabric: Medium  
*Fabric weight: Light  
*Pocket Presence: Yes  
*Pocket placement: Right chest  
*Pocket size: Medium  
*Breathability: High  
*Occasion Suitability: Casual  
*Lapel: Not applicable",HM,7.99,https://www2.hm.com/it_it/productpage.0963662122.html
34,93,35,"*Type: Shirt  
*Fit: Loose  
*Sleeve style: Long sleeve  
*Neckline: Crew neck  
*Material: Cotton  
*Formality: Casual  
*Seasson: Spring, Summer  
*Colors: White: 100%  
*Texture: Smooth  
*Transparency: Opaque  
*Details and Embellishments: Buttons  
*Shape: Boxy  
*Length: Hip-length  
*Collar Style: Button-down  
*Sleeve Style: Long  
*Patterns: Not applicable  
*Patterns placement: Not applicable  
*Fluidity of fabric: Medium  
*Fabric weight: Light  
*Pocket Presence: Yes  
*Pocket placement: Left chest  
*Pocket size: Medium  
*Breathability: High  
*Occasion Suitability: Casual  
*Lapel: Not applicable  ",HM,9.99,https://www2.hm.com/it_it/productpage.1240676008.html
35,94,36,"*Type: Top
*Fit: Fitted
*Sleeve style: Long sleeve
*Neckline: Crew neck
*Material: Cotton
*Formality: Casual
*Seasson: Spring, Summer
*Colors: White 70%, Blue 30%
*Texture: Smooth
*Transparency: Opaque
*Details and Embellishments: Not applicable
*Shape: Fitted
*Length: Hip-length
*Collar Style: Crew neck
*Sleeve Style: Long
*Patterns: Not applicable
*Patterns placement: Not applicable
*Fluidity of fabric: Medium
*Fabric weight: Light
*Pocket Presence: No
*Pocket placement: Not applicable
*Pocket size: Not applicable
*Breathability: High
*Occasion Suitability: Casual
*Lapel: Not applicable",HM,7.99,https://www2.hm.com/it_it/productpage.1228404002.html
36,95,37,"*Type: Shirt  
*Fit: Regular fit  
*Sleeve style: Long sleeve  
*Neckline: Crew neck  
*Material: Cotton  
*Formality: Casual, Business Casual  
*Season: Spring, Summer, Autumn  
*Colors: White 100%  
*Texture: Smooth  
*Transparency: Opaque  
*Details and Embellishments: Buttons  
*Shape: Fitted  
*Length: Hip-length  
*Collar Style: Button-down  
*Sleeve Style: Long  
*Patterns: Not applicable  
*Patterns placement: Not applicable  
*Fluidity of fabric: Medium  
*Fabric weight: Light  
*Pocket Presence: Yes  
*Pocket placement: Left chest  
*Pocket size: Medium  
*Breathability: High  
*Occasion Suitability: Casual, Business Casual  
*Lapel: Not applicable",HM,9.99,https://www2.hm.com/it_it/productpage.1228439001.html
37,96,38,"*Type: Coat
*Fit: Straight-cut
*Sleeve style: Long sleeve
*Neckline: Not applicable
*Material: Not specified
*Formality: Casual, Business Casual
*Seasson: Autumn, Winter
*Colors: 100% Grey
*Texture: Smooth
*Transparency: Opaque
*Details and Embellishments: Buttons
*Shape: Fitted
*Length: Hip-length
*Collar Style: Notch
*Sleeve Style: Long
*Patterns: Not applicable
*Patterns placement: Not applicable
*Fluidity of fabric: Medium
*Fabric weight: Medium
*Pocket Presence: Yes
*Pocket placement: Front sides
*Pocket size: Medium
*Breathability: Medium
*Occasion Suitability: Casual, business casual
*Lapel: Notch",Mango,39.99,https://shop.mango.com/it/it/p/donna/bluse-e-camicie/camicie/camicia-100-lino_67085722?c=88
38,97,39,"*Type: Shirt
*Fit: Regular fit
*Sleeve style: Long sleeve
*Neckline: V-neck
*Material: Polyester
*Formality: Business Casual
*Season: Spring, Autumn
*Colors: White (100%)
*Texture: Smooth
*Transparency: Opaque
*Details and Embellishments: Buttons, Buttons on cuffs
*Shape: Fitted
*Length: Hip-length
*Collar Style: Button-down
*Sleeve Style: Long
*Patterns: Not applicable
*Patterns placement: Not applicable
*Fluidity of fabric: Medium fluidity
*Fabric weight: Light
*Pocket Presence: No
*Pocket placement: Not applicable
*Pocket size: Not applicable
*Breathability: Medium
*Occasion Suitability: Business casual, Casual
*Lapel: Not applicable",Mango,59.99,https://shop.mango.com/it/it/p/donna/giacche/giacche/sovracamicia-cotone-tasche_67046320?c=37
39,98,40,"*Type: Shirt  
*Fit: Regular fit  
*Sleeve style: Long sleeve  
*Neckline: Crew neck  
*Material: Cotton  
*Formality: Casual  
*Season: Autumn, Winter  
*Colors: 100% Black  
*Texture: Smooth  
*Transparency: Opaque  
*Details and Embellishments: Buttons, Button-down front, Buttoned cuffs  
*Shape: Fitted  
*Length: Hip-length  
*Collar Style: Button-down  
*Sleeve Style: Long  
*Patterns: Not applicable  
*Patterns placement: Not applicable  
*Fluidity of fabric: Medium  
*Fabric weight: Medium  
*Pocket Presence: No  
*Pocket placement: Not applicable  
*Pocket size: Not applicable  
*Breathability: Medium  
*Occasion Suitability: Casual, business casual  
*Lapel: Not applicable",Mango,39.99,https://shop.mango.com/it/it/p/donna/bluse-e-camicie/camicie/camicia-fluida-lyocell_67054046?c=02
40,99,41,"*Type: Shirt  
*Fit: Straight-fit  
*Sleeve style: Long sleeve  
*Neckline: Crew neck  
*Material: Not specified  
*Formality: Casual  
*Season: Not specified  
*Colors: White: 100%  
*Texture: Smooth  
*Transparency: Opaque  
*Details and Embellishments: Buttons  
*Shape: Not specified  
*Length: Hip-length  
*Collar Style: Button-down  
*Sleeve Style: Long  
*Patterns: Not applicable  
*Patterns placement: Not applicable  
*Fluidity of fabric: Not specified  
*Fabric weight: Not specified  
*Pocket Presence: Yes  
*Pocket placement: Left chest  
*Pocket size: Medium  
*Breathability: Not specified  
*Occasion Suitability: Casual  
*Lapel: Not applicable",Mango,39.99,https://shop.mango.com/it/it/p/donna/bluse-e-camicie/camicie/camicia-ramio-tasche_67047111?c=01
41,100,42,"*Type: Shirt  
*Fit: Regular fit  
*Sleeve style: Short sleeve  
*Neckline: V-neck  
*Material: Linen  
*Formality: Casual  
*Season: Summer  
*Colors: White 100%  
*Texture: Smooth  
*Transparency: Opaque  
*Details and Embellishments: Buttons, front pockets  
*Shape: Fitted  
*Length: Hip-length  
*Collar Style: V-neck  
*Sleeve Style: Short  
*Patterns: Not applicable  
*Patterns placement: Not applicable  
*Fluidity of fabric: Moderate  
*Fabric weight: Light  
*Pocket Presence: Yes  
*Pocket placement: Front, left and right sides  
*Pocket size: Medium  
*Breathability: High  
*Occasion Suitability: Casual  
*Lapel: Not applicable",Mango,25.99,https://shop.mango.com/it/it/p/donna/bluse-e-camicie/camicie/camicia-lyocell-senza-maniche_77080365?c=70
42,101,43,"*Type: Shirt  
*Fit: Regular fit  
*Sleeve style: Long sleeve  
*Neckline: Button-down collar  
*Material: Cotton  
*Formality: Casual, Business Casual  
*Season: Spring, Summer, Autumn  
*Colors: White (80%), Blue (20%)  
*Texture: Smooth  
*Transparency: Opaque  
*Details and Embellishments: Buttons  
*Shape: Straight  
*Length: Hip-length  
*Collar Style: Button-down  
*Sleeve Style: Long  
*Patterns: Stripes  
*Patterns placement: All-over  
*Fluidity of fabric: Medium  
*Fabric weight: Light  
*Pocket Presence: Yes  
*Pocket placement: Left chest  
*Pocket size: Medium  
*Breathability: High  
*Occasion Suitability: Casual, Business Casual  
*Lapel: Not applicable",Mango,25.99,https://shop.mango.com/it/it/p/donna/bluse-e-camicie/camicie/camicia-lyocell-senza-maniche_77080345?c=02
43,102,44,"*Type: Shirt  
*Fit: Relaxed  
*Sleeve style: Long sleeve  
*Neckline: V-neck  
*Material: Cotton  
*Formality: Casual  
*Season: Spring, Summer, Autumn  
*Colors: White (100%)  
*Texture: Smooth  
*Transparency: Opaque  
*Details and Embellishments: Buttons  
*Shape: Boxy  
*Length: Hip-length  
*Collar Style: Button-down  
*Sleeve Style: Long  
*Patterns: Not applicable  
*Patterns placement: Not applicable  
*Fluidity of fabric: Medium  
*Fabric weight: Light  
*Pocket Presence: No  
*Pocket placement: Not applicable  
*Pocket size: Not applicable  
*Breathability: High  
*Occasion Suitability: Casual  
*Lapel: Not applicable",Mango,39.99,https://shop.mango.com/it/it/p/donna/bluse-e-camicie/bluse/blusa-halter-stampata_67056341?c=88
44,103,45,"*Type: Long button-up shirt
*Fit: Oversized
*Sleeve style: Long sleeve
*Neckline: N/A
*Material: N/A
*Formality: Casual
*Season: Autumn
*Colors: Black (100%)
*Texture: Smooth
*Transparency: Opaque
*Details and Embellishments: Buttons
*Shape: Boxy
*Length: Tunic
*Collar Style: Button-down
*Sleeve Style: Long
*Patterns: Not applicable
*Patterns placement: Not applicable
*Fluidity of fabric: High
*Fabric weight: Light
*Pocket Presence: No
*Pocket placement: Not applicable
*Pocket size: Not applicable
*Breathability: Medium
*Occasion Suitability: Casual
*Lapel: Not applicable",Mango,39.99,https://shop.mango.com/it/it/p/donna/bluse-e-camicie/camicie/camicia-oversize-tasche_67030437?c=01
45,104,46,"*Type: Blazer
*Fit: Regular fit
*Sleeve style: Long sleeve
*Neckline: Not applicable
*Material: Polyester, Viscose, Elastane
*Formality: Formal
*Seasson: Autumn, Winter
*Colors: 100% Black
*Texture: Smooth
*Transparency: Opaque
*Details and Embellishments: Buttons
*Shape: Fitted
*Length: Hip-length
*Collar Style: Notch
*Sleeve Style: Long
*Patterns: Not applicable
*Patterns placement: Not applicable
*Fluidity of fabric: Medium
*Fabric weight: Medium
*Pocket Presence: Yes
*Pocket placement: Front
*Pocket size: Medium
*Breathability: Medium
*Occasion Suitability: Formal, Business Casual
*Lapel: Notch",Mango,39.99,https://shop.mango.com/it/it/p/donna/bluse-e-camicie/camicie/camicia-fluida-bottoni_67084036?c=10
46,105,47,"*Type: Blazer
*Fit: Slim fit
*Sleeve style: Long sleeve
*Neckline: Not applicable
*Material: Not specified
*Formality: Formal
*Season: Autumn, Winter
*Colors: Black (100%)
*Texture: Smooth
*Transparency: Opaque
*Details and Embellishments: Buttons, Pockets
*Shape: Fitted
*Length: Hip-length
*Collar Style: Notch lapel
*Sleeve Style: Long
*Patterns: Not applicable
*Patterns placement: Not applicable
*Fluidity of fabric: Medium
*Fabric weight: Medium
*Pocket Presence: Yes
*Pocket placement: Front, lower sides
*Pocket size: Medium
*Breathability: Medium
*Occasion Suitability: Formal, business casual
*Lapel: Notch",Mango,59.99,https://shop.mango.com/it/it/p/donna/bluse-e-camicie/bluse/blusa-asimmetrica-ricamata_67017125?c=05
47,106,48,"*Type: Shirt  
*Fit: Regular fit  
*Sleeve style: Long sleeve  
*Neckline: V-neck  
*Material: Semi-transparent fabric  
*Formality: Casual  
*Seasson: Spring, Summer  
*Colors: Beige 100%  
*Texture: Smooth  
*Transparency: Semi-transparent  
*Details and Embellishments: Buttons  
*Shape: Fitted  
*Length: Hip-length  
*Collar Style: V-neck  
*Sleeve Style: Long  
*Patterns: Not applicable  
*Patterns placement: Not applicable  
*Fluidity of fabric: Fluid  
*Fabric weight: Light  
*Pocket Presence: No  
*Pocket placement: Not applicable  
*Pocket size: Not applicable  
*Breathability: High  
*Occasion Suitability: Casual  
*Lapel: Not applicable",Mango,45.99,https://shop.mango.com/it/it/p/donna/bluse-e-camicie/camicie/blusa-semitrasparente-volant_67069233?c=43
48,107,49,"*Type: Fluid dress
*Fit: Loose
*Sleeve style: Long sleeve
*Neckline: Crew neck
*Material: Not specified
*Formality: Casual, Business Casual
*Season: Autumn, Winter
*Colors: Black 100%
*Texture: Smooth
*Transparency: Opaque
*Details and Embellishments: Buttons on the front, Side tie belt
*Shape: Flared
*Length: Knee-length
*Collar Style: Crew neck
*Sleeve Style: Long
*Patterns: Not applicable
*Patterns placement: Not applicable
*Fluidity of fabric: High
*Fabric weight: Light
*Pocket Presence: No
*Pocket placement: Not applicable
*Pocket size: Not applicable
*Breathability: Medium
*Occasion Suitability: Casual, Business Casual
*Lapel: Not applicable",Mango,29.99,https://shop.mango.com/it/it/p/donna/bluse-e-camicie/camicie/camicia-fluida-satinata_67010439?c=99
49,108,50,"*Type: Shirt  
*Fit: Straight-fit  
*Sleeve style: Long sleeve  
*Neckline: Button-down  
*Material: Cotton  
*Formality: Casual, Business Casual  
*Season: Spring, Summer, Autumn  
*Colors: White (100%)  
*Texture: Smooth  
*Transparency: Opaque  
*Details and Embellishments: Buttons  
*Shape: Boxy  
*Length: Hip-length  
*Collar Style: Button-down  
*Sleeve Style: Long  
*Patterns: Not applicable  
*Patterns placement: Not applicable  
*Fluidity of fabric: Medium  
*Fabric weight: Light  
*Pocket Presence: No  
*Pocket placement: Not applicable  
*Pocket size: Not applicable  
*Breathability: High  
*Occasion Suitability: Casual, Business Casual  
*Lapel: Not applicable  ",Mango,29.99,https://shop.mango.com/it/it/p/donna/bluse-e-camicie/bluse/blusa-maniche-a-palloncino-stampata_57013819?c=52
50,109,51,"*Type: Shirt
*Fit: Loose
*Sleeve style: Long sleeve
*Neckline: V-neck
*Material: Silk
*Formality: Casual, Business Casual
*Season: Spring, Summer, Autumn
*Colors: Black 100%
*Texture: Smooth
*Transparency: Opaque
*Details and Embellishments: Buttons
*Shape: Relaxed
*Length: Hip-length
*Collar Style: Button-down
*Sleeve Style: Long
*Patterns: Not applicable
*Patterns placement: Not applicable
*Fluidity of fabric: High
*Fabric weight: Light
*Pocket Presence: No
*Pocket placement: Not applicable
*Pocket size: Not applicable
*Breathability: High
*Occasion Suitability: Casual, Business Casual
*Lapel: Not applicable",Mango,39.99,https://shop.mango.com/it/it/p/donna/magliette/magliette/maglietta-plissettata-maniche-corte_77060265?c=99
51,110,52,"*Type: Women's crochet top
*Fit: Regular fit
*Sleeve style: Sleeveless
*Neckline: Crew neck
*Material: Cotton
*Formality: Casual
*Seasson: Summer
*Colors: White 100%
*Texture: Rough
*Transparency: Semi-transparent
*Details and Embellishments: Crochet pattern
*Shape: Fitted
*Length: Hip-length
*Collar Style: Crew neck
*Sleeve Style: Sleeveless
*Patterns: Not applicable
*Patterns placement: Not applicable
*Fluidity of fabric: Low
*Fabric weight: Light
*Pocket Presence: No
*Pocket placement: Not applicable
*Pocket size: Not applicable
*Breathability: High
*Occasion Suitability: Casual
*Lapel: Not applicable",Mango,45.99,https://shop.mango.com/it/it/p/donna/bluse-e-camicie/camicie/camicia-crochet_67037137?c=05
52,111,53,"*Type: Shirt
*Fit: Straight fit
*Sleeve style: Long sleeve
*Neckline: Not applicable
*Material: Not specified
*Formality: Casual
*Season: Not specified
*Colors: Blue (100%)
*Texture: Smooth
*Transparency: Opaque
*Details and Embellishments: Buttons
*Shape: Not specified
*Length: Hip-length
*Collar Style: Button-down
*Sleeve Style: Long
*Patterns: Not applicable
*Patterns placement: Not applicable
*Fluidity of fabric: Not specified
*Fabric weight: Not specified
*Pocket Presence: No
*Pocket placement: Not applicable
*Pocket size: Not applicable
*Breathability: Not specified
*Occasion Suitability: Casual
*Lapel: Not applicable",Mango,49.99,https://shop.mango.com/it/it/p/donna/bluse-e-camicie/camicie/camicia-tasca-dettaglio-ricamato_67016323?c=02
53,112,54,"*Type: Shirt
*Fit: Regular fit
*Sleeve style: Long sleeve
*Neckline: Button-down
*Material: Semi-transparent fabric
*Formality: Casual, Business Casual
*Season: Spring, Summer
*Colors: Black (90%), White (10%)
*Texture: Smooth
*Transparency: Semi-transparent
*Details and Embellishments: Buttons
*Shape: Fitted
*Length: Hip-length
*Collar Style: Button-down
*Sleeve Style: Long
*Patterns: Not applicable
*Patterns placement: Not applicable
*Fluidity of fabric: High
*Fabric weight: Light
*Pocket Presence: No
*Pocket placement: Not applicable
*Pocket size: Not applicable
*Breathability: High
*Occasion Suitability: Casual, Business Casual
*Lapel: Not applicable",Mango,29.99,https://shop.mango.com/it/it/p/donna/bluse-e-camicie/camicie/camicia-100-cotone-righe_67017124?c=05
54,113,55,"*Type: Shirt
*Fit: Regular fit
*Sleeve style: Long sleeve
*Neckline: V-neck
*Material: Polyester
*Formality: Casual
*Seasson: Autumn
*Colors: 100% Black
*Texture: Smooth
*Transparency: Opaque
*Details and Embellishments: Buttons
*Shape: Fitted
*Length: Hip-length
*Collar Style: V-neck
*Sleeve Style: Long
*Patterns: Not applicable
*Patterns placement: Not applicable
*Fluidity of fabric: Fluid
*Fabric weight: Light
*Pocket Presence: No
*Pocket placement: Not applicable
*Pocket size: Not applicable
*Breathability: High
*Occasion Suitability: Casual
*Lapel: Not applicable",Mango,22.99,https://shop.mango.com/it/it/p/donna/bluse-e-camicie/camicie/camicia-fluida-regular_67030436?c=98
55,114,56,"*Type: Oversized shirt  
*Fit: Oversized  
*Sleeve style: Long sleeve  
*Neckline: Collar  
*Material: Cotton  
*Formality: Casual  
*Season: Autumn, Winter  
*Colors: Black 100%  
*Texture: Smooth  
*Transparency: Opaque  
*Details and Embellishments: Buttons  
*Shape: Boxy  
*Length: Hip-length  
*Collar Style: Button-down  
*Sleeve Style: Long  
*Patterns: Not applicable  
*Patterns placement: Not applicable  
*Fluidity of fabric: Moderate  
*Fabric weight: Medium  
*Pocket Presence: Yes  
*Pocket placement: Chest  
*Pocket size: Medium  
*Breathability: Medium  
*Occasion Suitability: Casual  
*Lapel: Not applicable",Mango,29.99,https://shop.mango.com/it/it/p/donna/bluse-e-camicie/camicie/camicia-100-cotone-righe_67008648?c=02
56,115,57,"*Type: Shirt
*Fit: Regular fit
*Sleeve style: Long sleeve
*Neckline: Button-down
*Material: Likely Polyester (fluid fabric)
*Formality: Business Casual
*Season: Spring, Summer
*Colors: White (100%)
*Texture: Smooth
*Transparency: Opaque
*Details and Embellishments: Buttons
*Shape: Fitted
*Length: Hip-length
*Collar Style: Button-down
*Sleeve Style: Long
*Patterns: Not applicable
*Patterns placement: Not applicable
*Fluidity of fabric: High
*Fabric weight: Light
*Pocket Presence: No
*Pocket placement: Not applicable
*Pocket size: Not applicable
*Breathability: High
*Occasion Suitability: Business casual
*Lapel: Not applicable",Mango,39.99,https://shop.mango.com/it/it/p/donna/bluse-e-camicie/camicie/camicia-bordi-a-contrasto_67084070?c=05
57,116,59,"*Type: Shirt  
*Fit: Regular fit  
*Sleeve style: Long sleeve  
*Neckline: V-neck  
*Material: Silk  
*Formality: Formal  
*Seasson: Spring, Summer  
*Colors: Light blue, Black, White  
*Texture: Smooth  
*Transparency: Opaque  
*Details and Embellishments: Buttons  
*Shape: Fitted  
*Length: Hip-length  
*Collar Style: Button-down  
*Sleeve Style: Long  
*Patterns: Geometric  
*Patterns placement: Not applicable  
*Fluidity of fabric: High  
*Fabric weight: Light  
*Pocket Presence: No  
*Pocket placement: Not applicable  
*Pocket size: Not applicable  
*Breathability: High  
*Occasion Suitability: Formal  
*Lapel: Not applicable",Prada,1550.0,https://www.prada.com/it/en/p/printed-silk-twill-shirt/P439H_15GG_F0E18_S_OOO
58,117,60,"*Type: Shirt  
*Fit: Regular fit  
*Sleeve style: Long sleeve  
*Neckline: Button-down  
*Material: Silk  
*Formality: Formal  
*Seasson: Spring, Summer, Autumn  
*Colors: White 90%, Black 10%  
*Texture: Smooth  
*Transparency: Opaque  
*Details and Embellishments: Buttons  
*Shape: Fitted  
*Length: Hip-length  
*Collar Style: Button-down  
*Sleeve Style: Long  
*Patterns: Geometric  
*Patterns placement: Overall  
*Fluidity of fabric: High  
*Fabric weight: Light  
*Pocket Presence: No  
*Pocket placement: Not applicable  
*Pocket size: Not applicable  
*Breathability: High  
*Occasion Suitability: Formal  
*Lapel: Not applicable",Prada,1550.0,https://www.prada.com/it/en/p/printed-silk-twill-shirt/P439H_15GG_F0E18_S_OOO
59,118,61,"*Type: Shirt
*Fit: Regular fit
*Sleeve style: Long sleeve
*Neckline: Collar
*Material: Silk
*Formality: Formal
*Season: Spring, Summer
*Colors: Black 70%, White 30%
*Texture: Smooth
*Transparency: Opaque
*Details and Embellishments: Buttons
*Shape: Fitted
*Length: Hip-length
*Collar Style: Button-down
*Sleeve Style: Long
*Patterns: Geometric
*Patterns placement: All-over
*Fluidity of fabric: High
*Fabric weight: Light
*Pocket Presence: No
*Pocket placement: Not applicable
*Pocket size: Not applicable
*Breathability: High
*Occasion Suitability: Formal
*Lapel: Not applicable",Prada,1950.0,https://www.prada.com/it/en/p/printed-twill-shirt/P415H_15GM_F0012_S_OOO
60,119,62,"*Type: Shirt  
*Fit: Regular fit  
*Sleeve style: Long sleeve  
*Neckline: Button-down  
*Material: Cotton  
*Formality: Business Casual  
*Seasson: Spring, Autumn  
*Colors: White 100%  
*Texture: Smooth  
*Transparency: Opaque  
*Details and Embellishments: Buttons, Embroidery  
*Shape: Fitted  
*Length: Hip-length  
*Collar Style: Button-down  
*Sleeve Style: Long  
*Patterns: Not applicable  
*Patterns placement: Not applicable  
*Fluidity of fabric: Medium  
*Fabric weight: Medium  
*Pocket Presence: Yes  
*Pocket placement: Left chest  
*Pocket size: Small  
*Breathability: High  
*Occasion Suitability: Business casual  
*Lapel: Not applicable  ",Prada,1450.0,https://www.prada.com/it/en/p/printed-twill-silk-shirt/P433H_15GW_F0040_S_OOO
61,120,63,"*Type: Shirt
*Fit: Regular fit
*Sleeve style: Long sleeve
*Neckline: V-neck
*Material: Silk
*Formality: Formal
*Seasson: Spring, Summer, Autumn
*Colors: White 80%, Black 20%
*Texture: Smooth
*Transparency: Opaque
*Details and Embellishments: Buttons
*Shape: Fitted
*Length: Hip-length
*Collar Style: Button-down
*Sleeve Style: Long
*Patterns: Geometric
*Patterns placement: Throughout
*Fluidity of fabric: High
*Fabric weight: Light
*Pocket Presence: No
*Pocket placement: Not applicable
*Pocket size: Not applicable
*Breathability: High
*Occasion Suitability: Formal
*Lapel: Not applicable",Prada,1950.0,https://www.prada.com/it/en/p/printed-twill-silk-shirt/P415H_15GG_F0594_S_OOO
62,121,64,"*Type: Top  
*Fit: Relaxed  
*Sleeve style: Sleeveless  
*Neckline: Crew neck  
*Material: Silk  
*Formality: Casual  
*Season: Spring, Summer  
*Colors: Black 70%, White 30%  
*Texture: Smooth  
*Transparency: Opaque  
*Details and Embellishments: Not applicable  
*Shape: Boxy  
*Length: Hip-length  
*Collar Style: Crew neck  
*Sleeve Style: Sleeveless  
*Patterns: Geometric  
*Patterns placement: Overall  
*Fluidity of fabric: High  
*Fabric weight: Light  
*Pocket Presence: No  
*Pocket placement: Not applicable  
*Pocket size: Not applicable  
*Breathability: High  
*Occasion Suitability: Casual  
*Lapel: Not applicable",Prada,950.0,https://www.prada.com/it/en/p/printed-silk-twill-halter-top/P916M_15GM_F0008_S_OOO
63,122,65,"*Type: Shirt
*Fit: Regular fit
*Sleeve style: Long sleeve
*Neckline: Button-down
*Material: Cotton
*Formality: Business Casual
*Season: Spring, Summer
*Colors: White 100%
*Texture: Smooth
*Transparency: Opaque
*Details and Embellishments: Buttons
*Shape: Fitted
*Length: Hip-length
*Collar Style: Button-down
*Sleeve Style: Long
*Patterns: Geometric
*Patterns placement: All over
*Fluidity of fabric: Medium
*Fabric weight: Light
*Pocket Presence: No
*Pocket placement: Not applicable
*Pocket size: Not applicable
*Breathability: High
*Occasion Suitability: Business casual
*Lapel: Not applicable",Prada,1200.0,https://www.prada.com/it/en/p/printed-silk-twill-top/P925M_15G8_F0008_S_OOO
64,123,66,"*Type: semi-transparent blouse  
*Fit: loose  
*Sleeve style: long sleeve  
*Neckline: crew neck  
*Material: delicate  
*Formality: casual  
*Season: spring, summer  
*Colors: white  
*Texture: smooth  
*Transparency: semi-transparent  
*Details and Embellishments: lace, embroidery  
*Shape: fitted  
*Length: hip-length  
*Collar Style: crew neck  
*Sleeve Style: long sleeve  
*Patterns: floral  
*Patterns placement: all-over  
*Fluidity of fabric: high  
*Fabric weight: light  
*Pocket Presence: no  
*Pocket placement: not applicable  
*Pocket size: not applicable  
*Breathability: high  
*Occasion Suitability: casual  
*Lapel: not applicable",Prada,2500.0,https://www.prada.com/it/en/p/paisley-print-chiffon-shirt-/P435H_15GH_F0594_S_OOO
65,124,67,"*Type: Shirt  
*Fit: Regular fit  
*Sleeve style: Long sleeve  
*Neckline: Collared  
*Material: Cotton  
*Formality: Business Casual  
*Season: Spring, Summer, Autumn  
*Colors: White (100%)  
*Texture: Smooth  
*Transparency: Opaque  
*Details and Embellishments: Buttons  
*Shape: Fitted  
*Length: Hip-length  
*Collar Style: Button-down  
*Sleeve Style: Long  
*Patterns: Not applicable  
*Patterns placement: Not applicable  
*Fluidity of fabric: Medium  
*Fabric weight: Light  
*Pocket Presence: No  
*Pocket placement: Not applicable  
*Pocket size: Not applicable  
*Breathability: High  
*Occasion Suitability: Business casual  
*Lapel: Not applicable",Prada,850.0,https://www.prada.com/it/en/p/printed-georgette-top/P907M_14X6_F0007_S_OOO
66,125,68,"*Type: Shirt
*Fit: Regular fit
*Sleeve style: Long sleeve
*Neckline: Button-down
*Material: Cotton
*Formality: Business Casual
*Seasson: Spring, Summer, Autumn
*Colors: White 100%
*Texture: Smooth
*Transparency: Opaque
*Details and Embellishments: Buttons
*Shape: Fitted
*Length: Hip-length
*Collar Style: Button-down
*Sleeve Style: Long
*Patterns: Not applicable
*Patterns placement: Not applicable
*Fluidity of fabric: Medium
*Fabric weight: Light
*Pocket Presence: Yes
*Pocket placement: Left chest
*Pocket size: Medium
*Breathability: High
*Occasion Suitability: Business casual
*Lapel: Not applicable",Prada,980.0,https://www.prada.com/it/en/p/fil-a-fil-cotton-shirt/P446H_15CO_F0013_S_OOO
67,126,69,"*Type: Shirt  
*Fit: Regular fit  
*Sleeve style: Long sleeve  
*Neckline: Button-down  
*Material: Cotton  
*Formality: Business Casual, Formal  
*Season: Spring, Autumn  
*Colors: White 100%  
*Texture: Smooth  
*Transparency: Opaque  
*Details and Embellishments: Buttons, Embroidery  
*Shape: Fitted  
*Length: Hip-length  
*Collar Style: Button-down  
*Sleeve Style: Long  
*Patterns: Not applicable  
*Patterns placement: Not applicable  
*Fluidity of fabric: Medium  
*Fabric weight: Light  
*Pocket Presence: No  
*Pocket placement: Not applicable  
*Pocket size: Not applicable  
*Breathability: High  
*Occasion Suitability: Business casual, Formal  
*Lapel: Not applicable",Prada,980.0,https://www.prada.com/it/en/p/striped-poplin-blouse/P438H_15ER_F0008_S_OOO
68,127,70,"*Type: Shirt  
*Fit: Regular fit  
*Sleeve style: Long sleeve  
*Neckline: Collared  
*Material: Poplin  
*Formality: Formal  
*Seasson: Spring, Summer  
*Colors: White (100%)  
*Texture: Smooth  
*Transparency: Opaque  
*Details and Embellishments: Buttons  
*Shape: Fitted  
*Length: Hip-length  
*Collar Style: Button-down  
*Sleeve Style: Long  
*Patterns: Not applicable  
*Patterns placement: Not applicable  
*Fluidity of fabric: Medium  
*Fabric weight: Light  
*Pocket Presence: No  
*Pocket placement: Not applicable  
*Pocket size: Not applicable  
*Breathability: High  
*Occasion Suitability: Formal  
*Lapel: Not applicable",Prada,1100.0,https://www.prada.com/it/en/p/striped-poplin-shirt/P436H_15DT_F0013_S_OOO
69,128,71,"*Type: Shirt  
*Fit: Regular fit  
*Sleeve style: Long sleeve  
*Neckline: Button-down  
*Material: Cotton  
*Formality: Business Casual  
*Season: Spring, Autumn  
*Colors: White (100%)  
*Texture: Smooth  
*Transparency: Opaque  
*Details and Embellishments: Buttons, chest pocket  
*Shape: Fitted  
*Length: Hip-length  
*Collar Style: Button-down  
*Sleeve Style: Long  
*Patterns: Not applicable  
*Patterns placement: Not applicable  
*Fluidity of fabric: Moderate  
*Fabric weight: Medium  
*Pocket Presence: Yes  
*Pocket placement: Right chest  
*Pocket size: Medium  
*Breathability: High  
*Occasion Suitability: Business casual, formal  
*Lapel: Not applicable",Prada,1150.0,https://www.prada.com/it/en/p/poplin-shirt/P437H_15CO_F0013_S_OOO
70,129,72,"*Type: Shirt
*Fit: Regular fit
*Sleeve style: Long sleeve
*Neckline: Button-down
*Material: Cotton
*Formality: Casual
*Season: Spring, Summer, Autum
*Colors: Blue 90%, White 10%
*Texture: Smooth
*Transparency: Opaque
*Details and Embellishments: Buttons
*Shape: Boxy
*Length: Hip-length
*Collar Style: Button-down
*Sleeve Style: Long
*Patterns: Stripes
*Patterns placement: Throughout
*Fluidity of fabric: Medium
*Fabric weight: Light
*Pocket Presence: Yes
*Pocket placement: Left chest
*Pocket size: Medium
*Breathability: High
*Occasion Suitability: Casual
*Lapel: Not applicable",Prada,1100.0,https://www.prada.com/it/en/p/striped-poplin-shirt/P436H_15EQ_F0237_S_OOO
71,130,73,"*Type: Oxford shirt
*Fit: Regular fit
*Sleeve style: Long sleeve
*Neckline: Button-down
*Material: Cotton
*Formality: Business Casual
*Season: Spring, Summer, Autumn
*Colors: White (100%)
*Texture: Smooth
*Transparency: Opaque
*Details and Embellishments: Buttons, Chest pocket
*Shape: Fitted
*Length: Hip-length
*Collar Style: Button-down
*Sleeve Style: Long
*Patterns: Not applicable
*Patterns placement: Not applicable
*Fluidity of fabric: Medium
*Fabric weight: Medium
*Pocket Presence: Yes
*Pocket placement: Left chest
*Pocket size: Medium
*Breathability: High
*Occasion Suitability: Business casual, formal
*Lapel: Not applicable",Prada,890.0,https://www.prada.com/it/en/p/embroidered-oxford-cotton-shirt/P402HR_14JW_F0009_S_OOO
72,131,74,"*Type: Shirt  
*Fit: Regular fit  
*Sleeve style: Long sleeve  
*Neckline: Button-down  
*Material: Cotton  
*Formality: Casual, Business Casual  
*Season: Spring, Summer  
*Colors: White 100%  
*Texture: Smooth  
*Transparency: Opaque  
*Details and Embellishments: Buttons  
*Shape: Boxy  
*Length: Hip-length  
*Collar Style: Button-down  
*Sleeve Style: Long  
*Patterns: Not applicable  
*Patterns placement: Not applicable  
*Fluidity of fabric: Medium  
*Fabric weight: Light  
*Pocket Presence: Yes  
*Pocket placement: Left chest  
*Pocket size: Medium  
*Breathability: High  
*Occasion Suitability: Casual, Business Casual  
*Lapel: Not applicable",Prada,890.0,https://www.prada.com/it/en/p/poplin-shirt/P419G_1XV2_F0009_S_222
73,132,75,"*Type: Shirt
*Fit: Regular fit
*Sleeve style: Long sleeve
*Neckline: Button-down
*Material: Cotton
*Formality: Business Casual
*Season: Spring, Autumn
*Colors: White 100%
*Texture: Smooth
*Transparency: Opaque
*Details and Embellishments: Buttons
*Shape: Fitted
*Length: Hip-length
*Collar Style: Button-down
*Sleeve Style: Long
*Patterns: Not applicable
*Patterns placement: Not applicable
*Fluidity of fabric: Medium
*Fabric weight: Medium
*Pocket Presence: Yes
*Pocket placement: Left chest
*Pocket size: Medium
*Breathability: High
*Occasion Suitability: Business casual
*Lapel: Not applicable",Prada,1150.0,https://www.prada.com/it/en/p/embroidered-oxford-cotton-shirt/P497GR_14JW_F0009_S_OOO
74,133,76,"*Type: Shirt
*Fit: Regular fit
*Sleeve style: Long sleeve
*Neckline: Button-down
*Material: Cotton
*Formality: Business Casual
*Seasson: Spring, Summer
*Colors: 100% Blue
*Texture: Smooth
*Transparency: Opaque
*Details and Embellishments: Buttons
*Shape: Fitted
*Length: Hip-length
*Collar Style: Button-down
*Sleeve Style: Long
*Patterns: Not applicable
*Patterns placement: Not applicable
*Fluidity of fabric: Medium
*Fabric weight: Light
*Pocket Presence: Yes
*Pocket placement: Left chest
*Pocket size: Small
*Breathability: High
*Occasion Suitability: Business casual
*Lapel: Not applicable",Prada,1600.0,https://www.prada.com/it/en/p/embroidered-poplin-shirt/P439GR_1227_F0009_S_231
75,134,77,"*Type: Shirt  
*Fit: Regular fit  
*Sleeve style: Long sleeve  
*Neckline: Button-down  
*Material: Cotton  
*Formality: Business Casual  
*Seasson: Spring, Summer  
*Colors: White (90%), Black (10%)  
*Texture: Smooth  
*Transparency: Opaque  
*Details and Embellishments: Buttons, Front pocket  
*Shape: Fitted  
*Length: Hip-length  
*Collar Style: Button-down collar  
*Sleeve Style: Long sleeves  
*Patterns: Not applicable  
*Patterns placement: Not applicable  
*Fluidity of fabric: Moderate  
*Fabric weight: Light  
*Pocket Presence: Yes  
*Pocket placement: Left chest  
*Pocket size: Medium  
*Breathability: High  
*Occasion Suitability: Business casual  
*Lapel: Not applicable  ",Prada,980.0,https://www.prada.com/it/en/p/poplin-shirt/P418GG_1XV2_F0009_S_231
76,135,78,"    *Type: Blazer
    *Fit: Regular fit
    *Sleeve style: Long sleeve
    *Neckline: Not applicable
    *Material: Wool
    *Formality: Formal
    *Seasson: Autumn, Winter
    *Colors: 80% Gray, 20% Black
    *Texture: Smooth
    *Transparency: Opaque
    *Details and Embellishments: Buttons, Lapel
    *Shape: Fitted
    *Length: Hip-length
    *Collar Style: Notch lapel
    *Sleeve Style: Long
    *Patterns: Not applicable
    *Patterns placement: Not applicable
    *Fluidity of fabric: Medium
    *Fabric weight: Medium
    *Pocket Presence: Yes
    *Pocket placement: Left chest, Lower front on both sides
    *Pocket size: Small (chest), Medium (lower front)
    *Breathability: Medium
    *Occasion Suitability: Formal, Business casual
    *Lapel: Notch",Prada,1100.0,https://www.prada.com/it/en/p/embroidered-striped-shirt-/P495GR_14QJ_F0AZ1_S_OOO
77,136,79,"*Type: Blazer  
*Fit: Regular fit  
*Sleeve style: Long sleeve  
*Neckline: Not applicable  
*Material: Wool  
*Formality: Formal  
*Season: Autumn, Winter  
*Colors: Gray (100%)  
*Texture: Smooth  
*Transparency: Opaque  
*Details and Embellishments: Buttons, Pockets  
*Shape: Fitted  
*Length: Hip-length  
*Collar Style: Notch  
*Sleeve Style: Long  
*Patterns: Not applicable  
*Patterns placement: Not applicable  
*Fluidity of fabric: Medium  
*Fabric weight: Medium  
*Pocket Presence: Yes  
*Pocket placement: Front  
*Pocket size: Medium  
*Breathability: Medium  
*Occasion Suitability: Formal  
*Lapel: Notch",Prada,1100.0,https://www.prada.com/it/en/p/embroidered-striped-technical-cotton-shirt/P490GR_14QJ_F0AZ1_S_OOO
78,137,80,"*Type: Bandana top
*Fit: Regular fit
*Sleeve style: Sleeveless
*Neckline: V-neck
*Material: Cotton
*Formality: Casual
*Season: Summer
*Colors: Blue (80%), White (20%)
*Texture: Smooth
*Transparency: Opaque
*Details and Embellishments: None
*Shape: Fitted
*Length: Cropped
*Collar Style: V-neck
*Sleeve Style: Sleeveless
*Patterns: Geometric
*Patterns placement: Entire garment
*Fluidity of fabric: Medium
*Fabric weight: Light
*Pocket Presence: No
*Pocket placement: Not applicable
*Pocket size: Not applicable
*Breathability: High
*Occasion Suitability: Casual
*Lapel: Not applicable",Prada,1350.0,https://www.prada.com/it/en/p/checked-cotton-bandana-top/P921MR_15GD_F0028_S_OOO
79,138,81,"*Type: Coat  
*Fit: Regular fit  
*Sleeve style: Long sleeve  
*Neckline: Not applicable  
*Material: Wool, Cashmere  
*Formality: Formal  
*Season: Winter  
*Colors: Gray 100%  
*Texture: Smooth  
*Transparency: Opaque  
*Details and Embellishments: Buttons  
*Shape: Fitted  
*Length: Hip-length  
*Collar Style: Notch  
*Sleeve Style: Long  
*Patterns: Not applicable  
*Patterns placement: Not applicable  
*Fluidity of fabric: Medium  
*Fabric weight: Medium  
*Pocket Presence: Yes  
*Pocket placement: Front  
*Pocket size: Medium  
*Breathability: Medium  
*Occasion Suitability: Formal  
*Lapel: Notch",Prada,1300.0,https://www.prada.com/it/en/p/checked-cotton-bandeau-top/P918MR_14ZQ_F0E18_S_OOO
80,139,82,"*Type: Dress
*Fit: Slim fit
*Sleeve style: Sleeveless
*Neckline: V-neck
*Material: Silk
*Formality: Formal
*Season: Summer
*Colors: Black (60%), White (40%)
*Texture: Smooth
*Transparency: Opaque
*Details and Embellishments: Embroidery
*Shape: Fitted
*Length: Knee-length
*Collar Style: V-neck
*Sleeve Style: Sleeveless
*Patterns: Floral
*Patterns placement: All over
*Fluidity of fabric: High
*Fabric weight: Light
*Pocket Presence: No
*Pocket placement: Not applicable
*Pocket size: Not applicable
*Breathability: High
*Occasion Suitability: Formal
*Lapel: Not applicable",Prada,790.0,https://www.prada.com/it/en/p/striped-chambray-top/P923M_15ER_F0008_S_OOO
81,140,83,"*Type: Shirt  
*Fit: Slim fit  
*Sleeve style: Long sleeve  
*Neckline: Button-down  
*Material: Cotton  
*Formality: Business Casual, Formal  
*Season: Spring, Summer, Autumn  
*Colors: Blue (main color), White (secondary color)  
*Texture: Smooth  
*Transparency: Opaque  
*Details and Embellishments: Buttons  
*Shape: Fitted  
*Length: Hip-length  
*Collar Style: Button-down  
*Sleeve Style: Long  
*Patterns: Stripes  
*Patterns placement: Not applicable  
*Fluidity of fabric: Medium  
*Fabric weight: Light  
*Pocket Presence: No  
*Pocket placement: Not applicable  
*Pocket size: Not applicable  
*Breathability: High  
*Occasion Suitability: Business casual, formal  
*Lapel: Not applicable",Prada,1400.0,https://www.prada.com/it/en/p/checked-cropped-cotton-shirt/P433HR_15GD_F0076_S_OOO
